"study_id","fcs_files","cluster_id","label","fcs_names","FSC-A","SSC-A","CD11A","CD4","CD16","CD28","CD95","CD3","CD62L","CD8","CCR7","TIME","fraction"
"SDY736_FCM-1","/Users/zichenghu/Desktop/Local_Projects/MetaCyto/inst/extdata/SDY736/ResultFiles/Flow_cytometry_result/Hs90208C20090205_00.583331.fcs","cluster1","CD11A+|CD16-|CD3+","Hs90208C20090205_00.583331.fcs",45627.73828125,6.1659996509552,3.06590354442596,4.11709237098694,0.0832852609455585,1.27472513914108,2.53388869762421,4.50321054458618,6.4349000453949,-0.0906894691288471,3.68021929264069,7186.05004882812,0.52
"SDY736_FCM-1","/Users/zichenghu/Desktop/Local_Projects/MetaCyto/inst/extdata/SDY736/ResultFiles/Flow_cytometry_result/Hs90210C20090205_00.583065.fcs","cluster1","CD11A+|CD16-|CD3+","Hs90210C20090205_00.583065.fcs",44966.91796875,6.05032396316528,2.86929368972778,3.99005699157715,0.129474207758904,1.69897830486298,1.40937447547913,4.33679342269897,6.44239044189453,0.088107667863369,3.96124720573425,6170.2998046875,0.603
"SDY736_FCM-1","/Users/zichenghu/Desktop/Local_Projects/MetaCyto/inst/extdata/SDY736/ResultFiles/Flow_cytometry_result/Hs90211C20090205_00.583066.fcs","cluster1","CD11A+|CD16-|CD3+","Hs90211C20090205_00.583066.fcs",44327.759765625,6.04053735733032,3.01077079772949,4.00209856033325,0.120323479175568,1.13575381040573,0.842775493860245,4.26242733001709,6.42341017723083,-0.0453002527356148,4.05285429954529,8136.94995117188,0.618
"SDY736_FCM-1","/Users/zichenghu/Desktop/Local_Projects/MetaCyto/inst/extdata/SDY736/ResultFiles/Flow_cytometry_result/T_Hs60003C200900407A_00.581924.fcs","cluster1","CD11A+|CD16-|CD3+","Ki67ccr7_Hs60022C200906243.581846.fcs",43139.87890625,6.22151041030884,3.00427174568176,4.2410717010498,0.161959156394005,1.51229131221771,1.46832799911499,4.23308181762695,6.3802318572998,2.88188886642456,4.29996061325073,3232.60009765625,0.349
"SDY736_FCM-1","/Users/zichenghu/Desktop/Local_Projects/MetaCyto/inst/extdata/SDY736/ResultFiles/Flow_cytometry_result/T_Hs60011C200900505A_00.581822.fcs","cluster1","CD11A+|CD16-|CD3+","Ki67ccr7_Hs60025C200907134.583112.fcs",58789.798828125,6.06968975067139,3.06450664997101,4.19823598861694,0.113293018192053,2.64070296287537,1.78706133365631,4.42970609664917,5.33520030975342,-0.111322063952684,2.8371274471283,2992.60009765625,0.592
"SDY736_FCM-1","/Users/zichenghu/Desktop/Local_Projects/MetaCyto/inst/extdata/SDY736/ResultFiles/Flow_cytometry_result/T_Hs60012C200900505A_00.581833.fcs","cluster1","CD11A+|CD16-|CD3+","Ki67ccr7_Hs60041C200908104.581964.fcs",61640.55859375,6.12499976158142,3.34954833984375,4.13761329650879,0.128935150802135,2.90579426288605,3.17858994007111,4.19061350822449,5.28163313865662,0.100622549653053,2.44455325603485,4535.09985351562,0.538
"SDY736_FCM-1","/Users/zichenghu/Desktop/Local_Projects/MetaCyto/inst/extdata/SDY736/ResultFiles/Flow_cytometry_result/Hs90208C20090205_00.583331.fcs","cluster2","CD16-|CD28-|CD3-|CD4-|CD8-","Hs90208C20090205_00.583331.fcs",40313.439453125,6.18137502670288,1.89601165056229,0.180284440517426,0.173388615250587,0.188293352723122,0.625846207141876,-0.0349746067076921,2.35499691963196,-0.0696920603513718,2.17393815517426,6855.69995117188,0.348
"SDY736_FCM-1","/Users/zichenghu/Desktop/Local_Projects/MetaCyto/inst/extdata/SDY736/ResultFiles/Flow_cytometry_result/Hs90210C20090205_00.583065.fcs","cluster2","CD16-|CD28-|CD3-|CD4-|CD8-","Hs90210C20090205_00.583065.fcs",45232.16015625,6.3668417930603,2.00130796432495,0.359176442027092,0.244014576077461,0.206921599805355,1.1142166852951,0.355662956833839,4.06507229804993,0.195785172283649,2.66858315467834,5831.94995117188,0.208
"SDY736_FCM-1","/Users/zichenghu/Desktop/Local_Projects/MetaCyto/inst/extdata/SDY736/ResultFiles/Flow_cytometry_result/Hs90211C20090205_00.583066.fcs","cluster2","CD16-|CD28-|CD3-|CD4-|CD8-","Hs90211C20090205_00.583066.fcs",38428.638671875,5.92687749862671,1.3707270026207,0.472328811883926,0.156525358557701,0.148771412670612,0.429141744971275,-0.128913767635822,6.35847449302673,-1.15681934356689,0.593322515487671,8180.10009765625,0.304
"SDY736_FCM-1","/Users/zichenghu/Desktop/Local_Projects/MetaCyto/inst/extdata/SDY736/ResultFiles/Flow_cytometry_result/T_Hs60003C200900407A_00.581924.fcs","cluster2","CD16-|CD28-|CD3-|CD4-|CD8-","Ki67ccr7_Hs60022C200906243.581846.fcs",27130.48046875,6.29557132720947,0.16393469274044,0.228534922003746,0.10850340873003,0.0820311605930328,0.565574288368225,-0.446707546710968,-2.34808611869812,-0.206455171108246,1.11881005764008,3398.60009765625,0.565
"SDY736_FCM-1","/Users/zichenghu/Desktop/Local_Projects/MetaCyto/inst/extdata/SDY736/ResultFiles/Flow_cytometry_result/T_Hs60011C200900505A_00.581822.fcs","cluster2","CD16-|CD28-|CD3-|CD4-|CD8-","Ki67ccr7_Hs60025C200907134.583112.fcs",48850.8984375,6.47190642356873,0.837311059236526,0.455020993947983,0.171883247792721,-0.557061970233917,1.62974214553833,-0.327100157737732,-0.920543909072876,0.0733388364315033,1.09232795238495,2774.59997558594,0.272
"SDY736_FCM-1","/Users/zichenghu/Desktop/Local_Projects/MetaCyto/inst/extdata/SDY736/ResultFiles/Flow_cytometry_result/T_Hs60012C200900505A_00.581833.fcs","cluster2","CD16-|CD28-|CD3-|CD4-|CD8-","Ki67ccr7_Hs60041C200908104.581964.fcs",51229.318359375,6.16255903244019,1.35328203439713,0.397832855582237,0.112494964152575,0.0175099140033126,1.04707992076874,0.0690128058195114,2.32105922698975,-0.014285886194557,1.04846787452698,4512.55004882812,0.252
"SDY736_FCM-1","/Users/zichenghu/Desktop/Local_Projects/MetaCyto/inst/extdata/SDY736/ResultFiles/Flow_cytometry_result/Hs90208C20090205_00.583331.fcs","cluster3","CD11A+","Hs90208C20090205_00.583331.fcs",47144.69921875,6.25077056884766,3.11206126213074,2.95575618743896,0.195062682032585,1.0093292593956,2.27730333805084,4.16873693466187,6.12004899978638,0.173121340572834,3.50440359115601,7146.25,0.842
"SDY736_FCM-1","/Users/zichenghu/Desktop/Local_Projects/MetaCyto/inst/extdata/SDY736/ResultFiles/Flow_cytometry_result/Hs90210C20090205_00.583065.fcs","cluster3","CD11A+","Hs90210C20090205_00.583065.fcs",46796.619140625,6.20488166809082,3.09176409244537,3.21106016635895,0.222666867077351,1.44505172967911,1.46881020069122,4.08365535736084,6.26667618751526,0.222954921424389,3.87803721427917,6143.7001953125,0.902
"SDY736_FCM-1","/Users/zichenghu/Desktop/Local_Projects/MetaCyto/inst/extdata/SDY736/ResultFiles/Flow_cytometry_result/Hs90211C20090205_00.583066.fcs","cluster3","CD11A+","Hs90211C20090205_00.583066.fcs",44740.4375,6.0906023979187,3.02374577522278,3.54257035255432,0.156710878014565,1.0155918598175,0.962428152561188,4.14298820495605,6.48661947250366,-0.222913831472397,3.96845173835754,7858.60009765625,0.783
"SDY736_FCM-1","/Users/zichenghu/Desktop/Local_Projects/MetaCyto/inst/extdata/SDY736/ResultFiles/Flow_cytometry_result/T_Hs60003C200900407A_00.581924.fcs","cluster3","CD11A+","Ki67ccr7_Hs60022C200906243.581846.fcs",45805.19921875,6.3788275718689,3.08139753341675,4.11678695678711,0.207792490720749,1.32366251945496,1.49951958656311,4.03786849975586,6.23351192474365,2.71619319915771,4.14629125595093,3131.89990234375,0.479
"SDY736_FCM-1","/Users/zichenghu/Desktop/Local_Projects/MetaCyto/inst/extdata/SDY736/ResultFiles/Flow_cytometry_result/T_Hs60011C200900505A_00.581822.fcs","cluster3","CD11A+","Ki67ccr7_Hs60025C200907134.583112.fcs",61740.5,6.21058344841003,3.17710888385773,4.09566259384155,0.193136818706989,2.4367938041687,2.06829392910004,4.18728756904602,5.19472050666809,0.044446537271142,2.83690404891968,2947.45007324219,0.828
"SDY736_FCM-1","/Users/zichenghu/Desktop/Local_Projects/MetaCyto/inst/extdata/SDY736/ResultFiles/Flow_cytometry_result/T_Hs60012C200900505A_00.581833.fcs","cluster3","CD11A+","Ki67ccr7_Hs60041C200908104.581964.fcs",62729.640625,6.173828125,3.54188895225525,2.89914035797119,0.220467984676361,2.57666826248169,3.05950260162354,3.96602463722229,4.96630954742432,0.215247049927711,2.34086966514587,4603.60009765625,0.823
"SDY736_FCM-1","/Users/zichenghu/Desktop/Local_Projects/MetaCyto/inst/extdata/SDY736/ResultFiles/Flow_cytometry_result/Hs90208C20090205_00.583331.fcs","cluster4","CD11A+|CD16+","Hs90208C20090205_00.583331.fcs",87086.8828125,7.66626262664795,4.79373645782471,1.79735422134399,4.02487802505493,0.713045001029968,4.18695449829102,1.10434567928314,4.33661603927612,0.967829585075378,4.15562057495117,7567.89990234375,0.111
"SDY736_FCM-1","/Users/zichenghu/Desktop/Local_Projects/MetaCyto/inst/extdata/SDY736/ResultFiles/Flow_cytometry_result/Hs90210C20090205_00.583065.fcs","cluster4","CD11A+|CD16+","Hs90210C20090205_00.583065.fcs",52360.578125,6.57393217086792,4.23878288269043,0.221259988844395,4.49076509475708,0.272777304053307,1.18027466535568,0.258545026183128,3.7970404624939,0.222840704023838,1.83937549591064,5743.44995117188,0.15
"SDY736_FCM-1","/Users/zichenghu/Desktop/Local_Projects/MetaCyto/inst/extdata/SDY736/ResultFiles/Flow_cytometry_result/Hs90211C20090205_00.583066.fcs","cluster4","CD11A+|CD16+","Hs90211C20090205_00.583066.fcs",117737.30078125,7.7613742351532,4.30212879180908,1.22596687078476,3.69958019256592,0.994507253170013,4.32250905036926,2.39599418640137,7.07747912406921,2.24748194217682,5.11294174194336,6827.30004882812,0.048
"SDY736_FCM-1","/Users/zichenghu/Desktop/Local_Projects/MetaCyto/inst/extdata/SDY736/ResultFiles/Flow_cytometry_result/T_Hs60003C200900407A_00.581924.fcs","cluster4","CD11A+|CD16+","Ki67ccr7_Hs60022C200906243.581846.fcs",67705.73828125,7.19951033592224,4.31122303009033,0.176496356725693,4.29106044769287,0.428909182548523,1.87415909767151,-0.363970577716827,2.86704897880554,1.10006105899811,3.44400429725647,3910.09997558594,0.05
"SDY736_FCM-1","/Users/zichenghu/Desktop/Local_Projects/MetaCyto/inst/extdata/SDY736/ResultFiles/Flow_cytometry_result/T_Hs60011C200900505A_00.581822.fcs","cluster4","CD11A+|CD16+","Ki67ccr7_Hs60025C200907134.583112.fcs",76832.1953125,6.77502632141113,4.19317293167114,0.397630602121353,4.21920680999756,0.189461633563042,1.95412290096283,-0.239271372556686,1.67748832702637,0.127374961972237,1.91448068618774,2737.10009765625,0.107
"SDY736_FCM-1","/Users/zichenghu/Desktop/Local_Projects/MetaCyto/inst/extdata/SDY736/ResultFiles/Flow_cytometry_result/T_Hs60012C200900505A_00.581833.fcs","cluster4","CD11A+|CD16+","Ki67ccr7_Hs60041C200908104.581964.fcs",75617.71875,6.72906947135925,4.32848262786865,0.266185745596886,3.44351971149445,0.950590640306473,2.84657382965088,0.306715488433838,2.75486862659454,0.658877581357956,1.24118787050247,4699.09985351562,0.194
"SDY736_FCM-1","/Users/zichenghu/Desktop/Local_Projects/MetaCyto/inst/extdata/SDY736/ResultFiles/Flow_cytometry_result/Hs90208C20090205_00.583331.fcs","cluster5","CD11A+|CD16-|CD3+|CD8+","Hs90208C20090205_00.583331.fcs",49892.478515625,6.33971476554871,4.15106534957886,-0.804074198007584,0.071150466799736,0.527125209569931,2.99820065498352,4.26146769523621,5.2001097202301,5.06268167495728,2.33557677268982,7465.05004882812,0.112
"SDY736_FCM-1","/Users/zichenghu/Desktop/Local_Projects/MetaCyto/inst/extdata/SDY736/ResultFiles/Flow_cytometry_result/Hs90210C20090205_00.583065.fcs","cluster5","CD11A+|CD16-|CD3+|CD8+","Hs90210C20090205_00.583065.fcs",45908.55859375,6.10055732727051,2.84615397453308,-0.687558054924011,0.195507727563381,1.37618547677994,1.11228388547897,4.05960822105408,6.56243371963501,5.6055223941803,4.16462016105652,6152.2001953125,0.136
"SDY736_FCM-1","/Users/zichenghu/Desktop/Local_Projects/MetaCyto/inst/extdata/SDY736/ResultFiles/Flow_cytometry_result/Hs90211C20090205_00.583066.fcs","cluster5","CD11A+|CD16-|CD3+|CD8+","Hs90211C20090205_00.583066.fcs",44619.59765625,6.13439750671387,3.04076910018921,0.421904563903809,0.136566355824471,0.923337876796722,0.588839054107666,4.01117420196533,6.58758163452148,5.79414796829224,4.42172718048096,8976.7998046875,0.217
"SDY736_FCM-1","/Users/zichenghu/Desktop/Local_Projects/MetaCyto/inst/extdata/SDY736/ResultFiles/Flow_cytometry_result/T_Hs60003C200900407A_00.581924.fcs","cluster5","CD11A+|CD16-|CD3+|CD8+","Ki67ccr7_Hs60022C200906243.581846.fcs",45144,6.20250654220581,2.97973394393921,4.22991752624512,0.155982062220573,1.47867953777313,1.30628538131714,4.24891901016235,6.51802778244019,3.12997984886169,4.45217609405518,3269,0.263
"SDY736_FCM-1","/Users/zichenghu/Desktop/Local_Projects/MetaCyto/inst/extdata/SDY736/ResultFiles/Flow_cytometry_result/T_Hs60011C200900505A_00.581822.fcs","cluster5","CD11A+|CD16-|CD3+|CD8+","Ki67ccr7_Hs60025C200907134.583112.fcs",61294,6.12719202041626,3.42713117599487,-0.570935487747192,0.161767989397049,1.9727281332016,1.73140740394592,4.04644584655762,5.28370428085327,4.55524349212646,2.62237620353699,3253.39990234375,0.067
"SDY736_FCM-1","/Users/zichenghu/Desktop/Local_Projects/MetaCyto/inst/extdata/SDY736/ResultFiles/Flow_cytometry_result/T_Hs60012C200900505A_00.581833.fcs","cluster5","CD11A+|CD16-|CD3+|CD8+","Ki67ccr7_Hs60041C200908104.581964.fcs",64116.640625,6.17728662490845,4.01544380187988,0.612691879272461,0.141803383827209,0.959295153617859,2.95509672164917,4.09596300125122,2.98215389251709,4.1428484916687,1.2740935087204,4580,0.141
"SDY736_FCM-1","/Users/zichenghu/Desktop/Local_Projects/MetaCyto/inst/extdata/SDY736/ResultFiles/Flow_cytometry_result/Hs90208C20090205_00.583331.fcs","cluster6","CD16-|CD28-|CD3-|CD4-|CD62L-|CD8-","Hs90208C20090205_00.583331.fcs",34770.7578125,6.1766562461853,1.80417811870575,0.180278971791267,0.135306179523468,0.18985989689827,0.651685535907745,-0.0424771867692471,-1.76731407642365,-0.0112777892500162,2.09179496765137,7253.2001953125,0.169
"SDY736_FCM-1","/Users/zichenghu/Desktop/Local_Projects/MetaCyto/inst/extdata/SDY736/ResultFiles/Flow_cytometry_result/Hs90210C20090205_00.583065.fcs","cluster6","CD16-|CD28-|CD3-|CD4-|CD62L-|CD8-","Hs90210C20090205_00.583065.fcs",30771.259765625,6.3668417930603,0.522015780210495,0.440132841467857,0.210158742964268,0.160911664366722,0.854973793029785,0.24977970123291,-1.58141404390335,0.174020305275917,1.91729736328125,5653.19995117188,0.054
"SDY736_FCM-1","/Users/zichenghu/Desktop/Local_Projects/MetaCyto/inst/extdata/SDY736/ResultFiles/Flow_cytometry_result/Hs90211C20090205_00.583066.fcs","cluster6","CD16-|CD28-|CD3-|CD4-|CD62L-|CD8-","Hs90211C20090205_00.583066.fcs",27651.83984375,6.21319055557251,0.215286701917648,0.426840960979462,0.107054997235537,0.136836864054203,1.3587709069252,-0.0221671015024185,-2.88860869407654,-0.675778657197952,-0.516243785619736,9346.89990234375,0.076
"SDY736_FCM-1","/Users/zichenghu/Desktop/Local_Projects/MetaCyto/inst/extdata/SDY736/ResultFiles/Flow_cytometry_result/T_Hs60003C200900407A_00.581924.fcs","cluster6","CD16-|CD28-|CD3-|CD4-|CD62L-|CD8-","Ki67ccr7_Hs60022C200906243.581846.fcs",25573.619140625,6.30804347991943,0.112025614827871,0.235412672162056,0.10101006552577,0.0788880847394466,0.573261559009552,-0.456347644329071,-2.39320194721222,-0.266671314835548,0.911009460687637,3562.85009765625,0.51
"SDY736_FCM-1","/Users/zichenghu/Desktop/Local_Projects/MetaCyto/inst/extdata/SDY736/ResultFiles/Flow_cytometry_result/T_Hs60011C200900505A_00.581822.fcs","cluster6","CD16-|CD28-|CD3-|CD4-|CD62L-|CD8-","Ki67ccr7_Hs60025C200907134.583112.fcs",45473.078125,6.59524965286255,0.341160297393799,0.477584451436996,0.157421052455902,-0.555325508117676,1.99880564212799,-0.319172888994217,-1.32185435295105,0.0685342475771904,0.517256259918213,2742,0.203
"SDY736_FCM-1","/Users/zichenghu/Desktop/Local_Projects/MetaCyto/inst/extdata/SDY736/ResultFiles/Flow_cytometry_result/T_Hs60012C200900505A_00.581833.fcs","cluster6","CD16-|CD28-|CD3-|CD4-|CD62L-|CD8-","Ki67ccr7_Hs60041C200908104.581964.fcs",45173.640625,6.47330379486084,0.18183171749115,0.398586869239807,0.0902939885854721,-0.00249079219065607,1.80375349521637,-0.0120792873203754,-0.577069699764252,0.0791041702032089,0.0391441136598587,4554.2998046875,0.125
"SDY736_FCM-1","/Users/zichenghu/Desktop/Local_Projects/MetaCyto/inst/extdata/SDY736/ResultFiles/Flow_cytometry_result/Hs90208C20090205_00.583331.fcs","cluster7","CCR7+|CD11A+|CD16-|CD3+|CD4+|CD62L+","Hs90208C20090205_00.583331.fcs",44648.48046875,6.07275199890137,2.89409708976746,4.18699502944946,0.0769478231668472,1.3426388502121,1.69168853759766,4.6024227142334,6.55382108688354,-0.855940222740173,3.90687227249146,7132.39990234375,0.361
"SDY736_FCM-1","/Users/zichenghu/Desktop/Local_Projects/MetaCyto/inst/extdata/SDY736/ResultFiles/Flow_cytometry_result/Hs90210C20090205_00.583065.fcs","cluster7","CCR7+|CD11A+|CD16-|CD3+|CD4+|CD62L+","Hs90210C20090205_00.583065.fcs",44791.359375,6.01607942581177,2.81824016571045,4.06749200820923,0.112699680030346,1.75648057460785,1.20342946052551,4.43131446838379,6.50450706481934,-0.806116223335266,4.00910472869873,6203.89990234375,0.405
"SDY736_FCM-1","/Users/zichenghu/Desktop/Local_Projects/MetaCyto/inst/extdata/SDY736/ResultFiles/Flow_cytometry_result/Hs90211C20090205_00.583066.fcs","cluster7","CCR7+|CD11A+|CD16-|CD3+|CD4+|CD62L+","Hs90211C20090205_00.583066.fcs",43330.640625,5.95784497261047,2.92536771297455,4.13959002494812,0.128445193171501,1.1820325255394,0.569568186998367,4.41241693496704,6.43458414077759,-1.42631238698959,4.07333946228027,8167,0.354
"SDY736_FCM-1","/Users/zichenghu/Desktop/Local_Projects/MetaCyto/inst/extdata/SDY736/ResultFiles/Flow_cytometry_result/T_Hs60003C200900407A_00.581924.fcs","cluster7","CCR7+|CD11A+|CD16-|CD3+|CD4+|CD62L+","Ki67ccr7_Hs60022C200906243.581846.fcs",43458.3203125,6.20250654220581,2.94014096260071,4.27866697311401,0.165463820099831,1.50682866573334,1.18446755409241,4.31951379776001,6.45279169082642,2.82560586929321,4.41097259521484,3127.80004882812,0.259
"SDY736_FCM-1","/Users/zichenghu/Desktop/Local_Projects/MetaCyto/inst/extdata/SDY736/ResultFiles/Flow_cytometry_result/T_Hs60011C200900505A_00.581822.fcs","cluster7","CCR7+|CD11A+|CD16-|CD3+|CD4+|CD62L+","Ki67ccr7_Hs60025C200907134.583112.fcs",58789.798828125,6.05925726890564,3.03150570392609,4.22124099731445,0.103544179350138,2.65446889400482,1.57479846477509,4.48077511787415,5.39101529121399,-0.235851995646954,3.00354313850403,2990.30004882812,0.458
"SDY736_FCM-1","/Users/zichenghu/Desktop/Local_Projects/MetaCyto/inst/extdata/SDY736/ResultFiles/Flow_cytometry_result/T_Hs60012C200900505A_00.581833.fcs","cluster7","CCR7+|CD11A+|CD16-|CD3+|CD4+|CD62L+","Ki67ccr7_Hs60041C200908104.581964.fcs",60799.998046875,6.07221865653992,3.17391347885132,4.23168277740479,0.0946994498372078,3.01602458953857,3.19119083881378,4.25719022750854,5.56499004364014,-0.235576711595058,2.94080078601837,4443.5,0.32
"SDY736_FCM-1","/Users/zichenghu/Desktop/Local_Projects/MetaCyto/inst/extdata/SDY736/ResultFiles/Flow_cytometry_result/Hs90208C20090205_00.583331.fcs","cluster8","CD11A+|CD16-|CD3+|CD8-|CD95+","Hs90208C20090205_00.583331.fcs",47635.66015625,6.21496033668518,3.20971274375916,4.19868469238281,0.126273401081562,1.54924297332764,3.26411843299866,4.39951395988464,6.47972249984741,-0.322240918874741,3.74078464508057,7459.19995117188,0.224
"SDY736_FCM-1","/Users/zichenghu/Desktop/Local_Projects/MetaCyto/inst/extdata/SDY736/ResultFiles/Flow_cytometry_result/Hs90210C20090205_00.583065.fcs","cluster8","CD11A+|CD16-|CD3+|CD8-|CD95+","Hs90210C20090205_00.583065.fcs",48802.640625,6.22397184371948,3.22216558456421,4.12560033798218,0.106130227446556,2.11681771278381,2.91752886772156,4.32237529754639,6.3162522315979,-0.535498976707458,3.5322265625,5672.39990234375,0.221
"SDY736_FCM-1","/Users/zichenghu/Desktop/Local_Projects/MetaCyto/inst/extdata/SDY736/ResultFiles/Flow_cytometry_result/Hs90211C20090205_00.583066.fcs","cluster8","CD11A+|CD16-|CD3+|CD8-|CD95+","Hs90211C20090205_00.583066.fcs",48683.69921875,6.31648302078247,3.5344181060791,4.20759177207947,0.127283908426762,1.65107744932175,3.05942106246948,4.30256056785583,5.96174836158752,-1.10612064599991,3.3195743560791,7718,0.166
"SDY736_FCM-1","/Users/zichenghu/Desktop/Local_Projects/MetaCyto/inst/extdata/SDY736/ResultFiles/Flow_cytometry_result/T_Hs60003C200900407A_00.581924.fcs","cluster8","CD11A+|CD16-|CD3+|CD8-|CD95+","Ki67ccr7_Hs60022C200906243.581846.fcs",42420.16015625,6.39182925224304,3.49710094928741,4.27890872955322,0.174321688711643,1.88477110862732,3.16858279705048,4.06329941749573,4.42239475250244,1.0162373483181,3.51641225814819,3250.75,0.054
"SDY736_FCM-1","/Users/zichenghu/Desktop/Local_Projects/MetaCyto/inst/extdata/SDY736/ResultFiles/Flow_cytometry_result/T_Hs60011C200900505A_00.581822.fcs","cluster8","CD11A+|CD16-|CD3+|CD8-|CD95+","Ki67ccr7_Hs60025C200907134.583112.fcs",63067.078125,6.23817682266235,3.30291104316711,4.24790477752686,0.130780249834061,2.88738369941711,3.04180026054382,4.29111528396606,5.36097097396851,-0.174033671617508,2.78746914863586,2862.39990234375,0.277
"SDY736_FCM-1","/Users/zichenghu/Desktop/Local_Projects/MetaCyto/inst/extdata/SDY736/ResultFiles/Flow_cytometry_result/T_Hs60012C200900505A_00.581833.fcs","cluster8","CD11A+|CD16-|CD3+|CD8-|CD95+","Ki67ccr7_Hs60041C200908104.581964.fcs",62855.80078125,6.14291381835938,3.30951166152954,4.26136445999146,0.130289435386658,3.10205030441284,3.64922595024109,4.17752981185913,5.49434900283813,-0.148282334208488,2.64203143119812,4447.2001953125,0.315
"SDY736_FCM-1","/Users/zichenghu/Desktop/Local_Projects/MetaCyto/inst/extdata/SDY736/ResultFiles/Flow_cytometry_result/Hs90208C20090205_00.583331.fcs","cluster9","CCR7+|CD11A+|CD16-|CD3+|CD4+|CD62L+|CD8-","Hs90208C20090205_00.583331.fcs",44495.71875,6.06898427009583,2.89333689212799,4.18689751625061,0.0782059989869595,1.34239149093628,1.6802424788475,4.60293030738831,6.54747486114502,-0.869943499565125,3.90235042572021,7167.39990234375,0.356
"SDY736_FCM-1","/Users/zichenghu/Desktop/Local_Projects/MetaCyto/inst/extdata/SDY736/ResultFiles/Flow_cytometry_result/Hs90210C20090205_00.583065.fcs","cluster9","CCR7+|CD11A+|CD16-|CD3+|CD4+|CD62L+|CD8-","Hs90210C20090205_00.583065.fcs",44690.658203125,6.01203036308289,2.81677222251892,4.06890892982483,0.112423691898584,1.7511522769928,1.17670172452927,4.43456602096558,6.50013279914856,-0.973507791757584,4.00237894058228,6143.15014648438,0.388
"SDY736_FCM-1","/Users/zichenghu/Desktop/Local_Projects/MetaCyto/inst/extdata/SDY736/ResultFiles/Flow_cytometry_result/Hs90211C20090205_00.583066.fcs","cluster9","CCR7+|CD11A+|CD16-|CD3+|CD4+|CD62L+|CD8-","Hs90211C20090205_00.583066.fcs",43500.87890625,5.94824361801147,2.91767454147339,4.14918994903564,0.1200095936656,1.19466972351074,0.56679630279541,4.41663932800293,6.43247938156128,-1.59230172634125,4.05210256576538,7982.60009765625,0.319
"SDY736_FCM-1","/Users/zichenghu/Desktop/Local_Projects/MetaCyto/inst/extdata/SDY736/ResultFiles/Flow_cytometry_result/T_Hs60003C200900407A_00.581924.fcs","cluster9","CCR7+|CD11A+|CD16-|CD3+|CD4+|CD62L+|CD8-","Ki67ccr7_Hs60022C200906243.581846.fcs",41016.439453125,6.13524699211121,2.93077349662781,4.24902677536011,0.137438610196114,1.48044455051422,1.59549814462662,4.26818299293518,5.79388523101807,1.84520918130875,4.09091711044312,2689.59997558594,0.056
"SDY736_FCM-1","/Users/zichenghu/Desktop/Local_Projects/MetaCyto/inst/extdata/SDY736/ResultFiles/Flow_cytometry_result/T_Hs60011C200900505A_00.581822.fcs","cluster9","CCR7+|CD11A+|CD16-|CD3+|CD4+|CD62L+|CD8-","Ki67ccr7_Hs60025C200907134.583112.fcs",58863.138671875,6.05925726890564,3.03577208518982,4.22592282295227,0.108249858021736,2.65610265731812,1.58106225728989,4.4864649772644,5.39101529121399,-0.243695892393589,3.00061190128326,2990.30004882812,0.45
"SDY736_FCM-1","/Users/zichenghu/Desktop/Local_Projects/MetaCyto/inst/extdata/SDY736/ResultFiles/Flow_cytometry_result/T_Hs60012C200900505A_00.581833.fcs","cluster9","CCR7+|CD11A+|CD16-|CD3+|CD4+|CD62L+|CD8-","Ki67ccr7_Hs60041C200908104.581964.fcs",60799.998046875,6.07221865653992,3.17073512077332,4.2403998374939,0.0915721319615841,3.012855052948,3.18354225158691,4.25719022750854,5.56499004364014,-0.272152483463287,2.94080078601837,4397.94995117188,0.31
"SDY736_FCM-1","/Users/zichenghu/Desktop/Local_Projects/MetaCyto/inst/extdata/SDY736/ResultFiles/Flow_cytometry_result/Hs90208C20090205_00.583331.fcs","cluster10","CD11A+|CD16+|CD3-|CD4-|CD8-","Hs90208C20090205_00.583331.fcs",53930.359375,6.52617979049683,4.32019853591919,0.277186840772629,3.95863056182861,0.300560563802719,2.01420712471008,0.0969064980745316,2.24441313743591,0.0380265973508358,0.660834491252899,7672.5,0.061
"SDY736_FCM-1","/Users/zichenghu/Desktop/Local_Projects/MetaCyto/inst/extdata/SDY736/ResultFiles/Flow_cytometry_result/Hs90210C20090205_00.583065.fcs","cluster10","CD11A+|CD16+|CD3-|CD4-|CD8-","Hs90210C20090205_00.583065.fcs",49668.28125,6.45930576324463,4.17278385162354,0.171674653887749,4.53292369842529,0.122976362705231,0.992128014564514,0.0948227718472481,3.31426429748535,-0.0892618745565414,0.560508787631989,5450.60009765625,0.117
"SDY736_FCM-1","/Users/zichenghu/Desktop/Local_Projects/MetaCyto/inst/extdata/SDY736/ResultFiles/Flow_cytometry_result/Hs90211C20090205_00.583066.fcs","cluster10","CD11A+|CD16+|CD3-|CD4-|CD8-","Hs90211C20090205_00.583066.fcs",46410.91796875,6.12998247146606,3.97627687454224,0.309400290250778,3.67827582359314,0.169390216469765,1.68673670291901,-0.121663756668568,5.86105632781982,-1.24218356609344,-0.27774316072464,7436.60009765625,0.017
"SDY736_FCM-1","/Users/zichenghu/Desktop/Local_Projects/MetaCyto/inst/extdata/SDY736/ResultFiles/Flow_cytometry_result/T_Hs60003C200900407A_00.581924.fcs","cluster10","CD11A+|CD16+|CD3-|CD4-|CD8-","Ki67ccr7_Hs60022C200906243.581846.fcs",55146.359375,7.02332782745361,4.28897905349731,0.172355249524117,4.26269245147705,0.15210810303688,1.36043608188629,-0.410816997289658,1.62912440299988,0.846033036708832,2.5720682144165,3962,0.031
"SDY736_FCM-1","/Users/zichenghu/Desktop/Local_Projects/MetaCyto/inst/extdata/SDY736/ResultFiles/Flow_cytometry_result/T_Hs60011C200900505A_00.581822.fcs","cluster10","CD11A+|CD16+|CD3-|CD4-|CD8-","Ki67ccr7_Hs60025C200907134.583112.fcs",73453.23828125,6.67380666732788,4.14272308349609,0.261627890169621,4.20852589607239,-0.213386356830597,1.76719373464584,-0.269031807780266,0.646727412939072,0.117779355496168,1.47345852851868,2593.10009765625,0.09
"SDY736_FCM-1","/Users/zichenghu/Desktop/Local_Projects/MetaCyto/inst/extdata/SDY736/ResultFiles/Flow_cytometry_result/T_Hs60012C200900505A_00.581833.fcs","cluster10","CD11A+|CD16+|CD3-|CD4-|CD8-","Ki67ccr7_Hs60041C200908104.581964.fcs",63856.33984375,6.37825608253479,4.19853281974792,0.0299579910933971,3.082634806633,0.719908386468887,2.52176415920258,0.0729995016008615,2.01596307754517,0.306193545460701,0.530880212783813,5053.09985351562,0.138
"SDY736_FCM-1","/Users/zichenghu/Desktop/Local_Projects/MetaCyto/inst/extdata/SDY736/ResultFiles/Flow_cytometry_result/Hs90208C20090205_00.583331.fcs","cluster11","CD11A+|CD16-|CD3+|CD4-|CD8+","Hs90208C20090205_00.583331.fcs",49580.12109375,6.33064126968384,4.15938425064087,-0.826871871948242,0.074332520365715,0.499043226242065,2.99586343765259,4.25713300704956,5.00179862976074,5.10503530502319,2.27359557151794,7570.10009765625,0.107
"SDY736_FCM-1","/Users/zichenghu/Desktop/Local_Projects/MetaCyto/inst/extdata/SDY736/ResultFiles/Flow_cytometry_result/Hs90210C20090205_00.583065.fcs","cluster11","CD11A+|CD16-|CD3+|CD4-|CD8+","Hs90210C20090205_00.583065.fcs",45893.359375,6.09436082839966,2.8392322063446,-0.874346733093262,0.192779079079628,1.26942992210388,1.06318366527557,4.02425336837769,6.50984239578247,5.66329574584961,4.13579702377319,5853.2998046875,0.119
"SDY736_FCM-1","/Users/zichenghu/Desktop/Local_Projects/MetaCyto/inst/extdata/SDY736/ResultFiles/Flow_cytometry_result/Hs90211C20090205_00.583066.fcs","cluster11","CD11A+|CD16-|CD3+|CD4-|CD8+","Hs90211C20090205_00.583066.fcs",44862.80078125,6.13012599945068,3.03317546844482,-0.043362058699131,0.119238831102848,0.857850193977356,0.588735699653625,3.99380278587341,6.6108250617981,5.84193801879883,4.42276287078857,9077.5,0.181
"SDY736_FCM-1","/Users/zichenghu/Desktop/Local_Projects/MetaCyto/inst/extdata/SDY736/ResultFiles/Flow_cytometry_result/T_Hs60003C200900407A_00.581924.fcs","cluster11","CD11A+|CD16-|CD3+|CD4-|CD8+","Ki67ccr7_Hs60022C200906243.581846.fcs",45429.759765625,6.19265794754028,3.58983027935028,-2.13864421844482,0.0964555181562901,1.29999566078186,1.80211490392685,3.82166004180908,6.48318576812744,5.93144559860229,3.98567247390747,3383.70007324219,0.058
"SDY736_FCM-1","/Users/zichenghu/Desktop/Local_Projects/MetaCyto/inst/extdata/SDY736/ResultFiles/Flow_cytometry_result/T_Hs60011C200900505A_00.581822.fcs","cluster11","CD11A+|CD16-|CD3+|CD4-|CD8+","Ki67ccr7_Hs60025C200907134.583112.fcs",63315.59765625,6.1457462310791,3.43947577476501,-0.833295345306396,0.22930882871151,1.90569269657135,1.94282603263855,4.03089237213135,5.28632068634033,4.54899454116821,2.55880284309387,3407.5,0.057
"SDY736_FCM-1","/Users/zichenghu/Desktop/Local_Projects/MetaCyto/inst/extdata/SDY736/ResultFiles/Flow_cytometry_result/T_Hs60012C200900505A_00.581833.fcs","cluster11","CD11A+|CD16-|CD3+|CD4-|CD8+","Ki67ccr7_Hs60041C200908104.581964.fcs",64452.55859375,6.17846441268921,4.01455545425415,-0.231819659471512,0.13415116071701,0.876611351966858,2.95018291473389,4.09124279022217,2.44998335838318,4.1428484916687,1.24351823329926,4450.10009765625,0.119
"SDY736_FCM-1","/Users/zichenghu/Desktop/Local_Projects/MetaCyto/inst/extdata/SDY736/ResultFiles/Flow_cytometry_result/Hs90208C20090205_00.583331.fcs","cluster12","CD11A+|CD16-|CD28+|CD3+|CD4+|CD62L+|CD8-","Hs90208C20090205_00.583331.fcs",47244.640625,6.18256187438965,3.06994318962097,4.22739553451538,0.0721015632152557,1.59132218360901,2.917160987854,4.50501203536987,6.56918716430664,-0.851414859294891,3.90687227249146,7450.89990234375,0.199
"SDY736_FCM-1","/Users/zichenghu/Desktop/Local_Projects/MetaCyto/inst/extdata/SDY736/ResultFiles/Flow_cytometry_result/Hs90210C20090205_00.583065.fcs","cluster12","CD11A+|CD16-|CD28+|CD3+|CD4+|CD62L+|CD8-","Hs90210C20090205_00.583065.fcs",44939.55859375,6.03138399124146,2.84017539024353,4.09232139587402,0.0971033945679665,1.79583060741425,1.47889542579651,4.43131446838379,6.50450706481934,-0.917802274227142,3.97420835494995,6170.2998046875,0.375
"SDY736_FCM-1","/Users/zichenghu/Desktop/Local_Projects/MetaCyto/inst/extdata/SDY736/ResultFiles/Flow_cytometry_result/Hs90211C20090205_00.583066.fcs","cluster12","CD11A+|CD16-|CD28+|CD3+|CD4+|CD62L+|CD8-","Hs90211C20090205_00.583066.fcs",46270.69921875,6.19066572189331,3.13582921028137,4.19362568855286,0.165496997535229,1.60373431444168,2.14673149585724,4.43049693107605,6.4251697063446,-1.53707480430603,4.00356888771057,8106,0.136
"SDY736_FCM-1","/Users/zichenghu/Desktop/Local_Projects/MetaCyto/inst/extdata/SDY736/ResultFiles/Flow_cytometry_result/T_Hs60003C200900407A_00.581924.fcs","cluster12","CD11A+|CD16-|CD28+|CD3+|CD4+|CD62L+|CD8-","Ki67ccr7_Hs60022C200906243.581846.fcs",43563.580078125,6.22918772697449,3.10023188591003,4.30700922012329,0.188590779900551,1.63373559713364,2.67218232154846,4.25110554695129,5.71872091293335,1.87037819623947,4.20208215713501,2688.40002441406,0.04
"SDY736_FCM-1","/Users/zichenghu/Desktop/Local_Projects/MetaCyto/inst/extdata/SDY736/ResultFiles/Flow_cytometry_result/T_Hs60011C200900505A_00.581822.fcs","cluster12","CD11A+|CD16-|CD28+|CD3+|CD4+|CD62L+|CD8-","Ki67ccr7_Hs60025C200907134.583112.fcs",58569.3984375,6.01826620101929,3.04374265670776,4.22608089447021,0.103721469640732,2.6627836227417,1.75105082988739,4.47025012969971,5.37248373031616,-0.248340159654617,2.89737248420715,2965.30004882812,0.485
"SDY736_FCM-1","/Users/zichenghu/Desktop/Local_Projects/MetaCyto/inst/extdata/SDY736/ResultFiles/Flow_cytometry_result/T_Hs60012C200900505A_00.581833.fcs","cluster12","CD11A+|CD16-|CD28+|CD3+|CD4+|CD62L+|CD8-","Ki67ccr7_Hs60041C200908104.581964.fcs",60402.51953125,6.06664896011353,3.15601515769958,4.23038339614868,0.0952254831790924,3.00260710716248,3.19831919670105,4.24267387390137,5.53335618972778,-0.272617667913437,2.87010288238525,4482.2998046875,0.333
"SDY736_FCM-1","/Users/zichenghu/Desktop/Local_Projects/MetaCyto/inst/extdata/SDY736/ResultFiles/Flow_cytometry_result/Hs90208C20090205_00.583331.fcs","cluster13","CCR7+|CD11A+|CD16-|CD3+|CD4+|CD62L+|CD8-|CD95+","Hs90208C20090205_00.583331.fcs",47785,6.19119310379028,3.13336873054504,4.21033430099487,0.125032886862755,1.54936707019806,3.16774892807007,4.44820165634155,6.61832618713379,-0.737058401107788,3.88944220542908,7605.5,0.179
"SDY736_FCM-1","/Users/zichenghu/Desktop/Local_Projects/MetaCyto/inst/extdata/SDY736/ResultFiles/Flow_cytometry_result/Hs90210C20090205_00.583065.fcs","cluster13","CCR7+|CD11A+|CD16-|CD3+|CD4+|CD62L+|CD8-|CD95+","Hs90210C20090205_00.583065.fcs",49890.19921875,6.21688532829285,3.14035964012146,4.19431591033936,0.110398650169373,2.1326220035553,2.8910129070282,4.33854651451111,6.51062774658203,-0.733912229537964,3.95247387886047,5550.90014648438,0.158
"SDY736_FCM-1","/Users/zichenghu/Desktop/Local_Projects/MetaCyto/inst/extdata/SDY736/ResultFiles/Flow_cytometry_result/Hs90211C20090205_00.583066.fcs","cluster13","CCR7+|CD11A+|CD16-|CD3+|CD4+|CD62L+|CD8-|CD95+","Hs90211C20090205_00.583066.fcs",48971.359375,6.31998252868652,3.44167923927307,4.24216175079346,0.144196778535843,1.57004237174988,3.04011082649231,4.3882417678833,6.37882375717163,-1.46995162963867,3.89635515213013,8237.099609375,0.097
"SDY736_FCM-1","/Users/zichenghu/Desktop/Local_Projects/MetaCyto/inst/extdata/SDY736/ResultFiles/Flow_cytometry_result/T_Hs60003C200900407A_00.581924.fcs","cluster13","CCR7+|CD11A+|CD16-|CD3+|CD4+|CD62L+|CD8-|CD95+","Ki67ccr7_Hs60022C200906243.581846.fcs",45336.28125,6.40483093261719,3.41928100585938,4.26148986816406,0.0114947492256761,1.78952372074127,3.1399781703949,4.0969090461731,5.21336793899536,1.7154426574707,3.57463836669922,2967.5,0.027
"SDY736_FCM-1","/Users/zichenghu/Desktop/Local_Projects/MetaCyto/inst/extdata/SDY736/ResultFiles/Flow_cytometry_result/T_Hs60011C200900505A_00.581822.fcs","cluster13","CCR7+|CD11A+|CD16-|CD3+|CD4+|CD62L+|CD8-|CD95+","Ki67ccr7_Hs60025C200907134.583112.fcs",64498.158203125,6.26748490333557,3.2876660823822,4.24812030792236,0.1227952465415,2.86896336078644,3.01430928707123,4.29959082603455,5.42695689201355,-0.205943055450916,2.96475827693939,2964.65002441406,0.222
"SDY736_FCM-1","/Users/zichenghu/Desktop/Local_Projects/MetaCyto/inst/extdata/SDY736/ResultFiles/Flow_cytometry_result/T_Hs60012C200900505A_00.581833.fcs","cluster13","CCR7+|CD11A+|CD16-|CD3+|CD4+|CD62L+|CD8-|CD95+","Ki67ccr7_Hs60041C200908104.581964.fcs",63216.0390625,6.13110256195068,3.25781607627869,4.26455497741699,0.102256886661053,3.09659075737,3.59010696411133,4.19280052185059,5.65180349349976,-0.272617667913437,2.89008760452271,4377.60009765625,0.237
"SDY736_FCM-1","/Users/zichenghu/Desktop/Local_Projects/MetaCyto/inst/extdata/SDY736/ResultFiles/Flow_cytometry_result/Hs90208C20090205_00.583331.fcs","cluster14","CD11A+|CD16-|CD3+|CD8-","Hs90208C20090205_00.583331.fcs",44352.837890625,6.09620380401611,2.9544061422348,4.1849513053894,0.0849261060357094,1.35277664661407,1.88895457983017,4.56769847869873,6.49147343635559,-0.766044497489929,3.8249968290329,7167.39990234375,0.408
"SDY736_FCM-1","/Users/zichenghu/Desktop/Local_Projects/MetaCyto/inst/extdata/SDY736/ResultFiles/Flow_cytometry_result/Hs90210C20090205_00.583065.fcs","cluster14","CD11A+|CD16-|CD3+|CD8-","Hs90210C20090205_00.583065.fcs",44791.359375,6.04614591598511,2.87035417556763,4.05423974990845,0.108184926211834,1.76126635074615,1.55398297309875,4.41400527954102,6.41802358627319,-0.761761724948883,3.86270523071289,6203.89990234375,0.467
"SDY736_FCM-1","/Users/zichenghu/Desktop/Local_Projects/MetaCyto/inst/extdata/SDY736/ResultFiles/Flow_cytometry_result/Hs90211C20090205_00.583066.fcs","cluster14","CD11A+|CD16-|CD3+|CD8-","Hs90211C20090205_00.583066.fcs",44200.83984375,6.00516939163208,2.99092793464661,4.13963556289673,0.108567580580711,1.22893786430359,1.01495134830475,4.39025974273682,6.3340106010437,-1.38564717769623,3.88469052314758,7871.2998046875,0.401
"SDY736_FCM-1","/Users/zichenghu/Desktop/Local_Projects/MetaCyto/inst/extdata/SDY736/ResultFiles/Flow_cytometry_result/T_Hs60003C200900407A_00.581924.fcs","cluster14","CD11A+|CD16-|CD3+|CD8-","Ki67ccr7_Hs60022C200906243.581846.fcs",41016.439453125,6.22918772697449,3.19616532325745,4.24902677536011,0.17397652566433,1.6054208278656,2.51558995246887,4.14719772338867,5.31936001777649,1.64793318510056,3.7541731595993,3186.34997558594,0.086
"SDY736_FCM-1","/Users/zichenghu/Desktop/Local_Projects/MetaCyto/inst/extdata/SDY736/ResultFiles/Flow_cytometry_result/T_Hs60011C200900505A_00.581822.fcs","cluster14","CD11A+|CD16-|CD3+|CD8-","Ki67ccr7_Hs60025C200907134.583112.fcs",58618.0390625,6.05692911148071,3.05054521560669,4.22278213500977,0.108968317508698,2.66658806800842,1.78786396980286,4.46074771881104,5.33617210388184,-0.200042888522148,2.83909678459167,2977.69995117188,0.525
"SDY736_FCM-1","/Users/zichenghu/Desktop/Local_Projects/MetaCyto/inst/extdata/SDY736/ResultFiles/Flow_cytometry_result/T_Hs60012C200900505A_00.581833.fcs","cluster14","CD11A+|CD16-|CD3+|CD8-","Ki67ccr7_Hs60041C200908104.581964.fcs",60995.3203125,6.09427165985107,3.22919774055481,4.23537111282349,0.115788094699383,3.01845479011536,3.32678914070129,4.22577619552612,5.44393920898438,-0.167913153767586,2.72789072990417,4508.2001953125,0.397
"SDY736_FCM-1","/Users/zichenghu/Desktop/Local_Projects/MetaCyto/inst/extdata/SDY736/ResultFiles/Flow_cytometry_result/Hs90208C20090205_00.583331.fcs","cluster15","CD16-|CD28-|CD3-|CD4-","Hs90208C20090205_00.583331.fcs",40476.83984375,6.18333840370178,1.89820528030396,0.180284440517426,0.171669021248817,0.196818023920059,0.637447357177734,-0.0324025135487318,2.39478182792664,-0.0627487245947123,2.1847015619278,6855.69995117188,0.352
"SDY736_FCM-1","/Users/zichenghu/Desktop/Local_Projects/MetaCyto/inst/extdata/SDY736/ResultFiles/Flow_cytometry_result/Hs90210C20090205_00.583065.fcs","cluster15","CD16-|CD28-|CD3-|CD4-","Hs90210C20090205_00.583065.fcs",45481.818359375,6.37170696258545,2.0483011007309,0.376274824142456,0.244014576077461,0.218267686665058,1.12378334999084,0.360481739044189,4.14858508110046,0.242212183773518,2.66858315467834,6037.64990234375,0.218
"SDY736_FCM-1","/Users/zichenghu/Desktop/Local_Projects/MetaCyto/inst/extdata/SDY736/ResultFiles/Flow_cytometry_result/Hs90211C20090205_00.583066.fcs","cluster15","CD16-|CD28-|CD3-|CD4-","Hs90211C20090205_00.583066.fcs",38665.7578125,5.94803667068481,1.41100978851318,0.434418827295303,0.163263186812401,0.152072861790657,0.444817572832108,-0.0994437113404274,6.40015316009521,-1.04860723018646,0.740415275096893,8043.7001953125,0.321
"SDY736_FCM-1","/Users/zichenghu/Desktop/Local_Projects/MetaCyto/inst/extdata/SDY736/ResultFiles/Flow_cytometry_result/T_Hs60003C200900407A_00.581924.fcs","cluster15","CD16-|CD28-|CD3-|CD4-","Ki67ccr7_Hs60022C200906243.581846.fcs",27567.48046875,6.30168771743774,0.185296073555946,0.209796592593193,0.108681924641132,0.08652164041996,0.578028857707977,-0.442814201116562,-2.3138575553894,-0.151164293289185,1.18857026100159,3364.69995117188,0.591
"SDY736_FCM-1","/Users/zichenghu/Desktop/Local_Projects/MetaCyto/inst/extdata/SDY736/ResultFiles/Flow_cytometry_result/T_Hs60011C200900505A_00.581822.fcs","cluster15","CD16-|CD28-|CD3-|CD4-","Ki67ccr7_Hs60025C200907134.583112.fcs",48850.8984375,6.47190642356873,0.837311059236526,0.455020993947983,0.171883247792721,-0.557061970233917,1.62974214553833,-0.327100157737732,-0.920543909072876,0.0733388364315033,1.09232795238495,2774.59997558594,0.272
"SDY736_FCM-1","/Users/zichenghu/Desktop/Local_Projects/MetaCyto/inst/extdata/SDY736/ResultFiles/Flow_cytometry_result/T_Hs60012C200900505A_00.581833.fcs","cluster15","CD16-|CD28-|CD3-|CD4-","Ki67ccr7_Hs60041C200908104.581964.fcs",51229.318359375,6.16255903244019,1.35328203439713,0.397832855582237,0.112494964152575,0.0175099140033126,1.04707992076874,0.0690128058195114,2.32105922698975,-0.014285886194557,1.04846787452698,4512.55004882812,0.252
"SDY736_FCM-1","/Users/zichenghu/Desktop/Local_Projects/MetaCyto/inst/extdata/SDY736/ResultFiles/Flow_cytometry_result/Hs90208C20090205_00.583331.fcs","cluster16","CD11A-|CD16-|CD28-|CD3-|CD4-|CD62L-|CD8-","Hs90208C20090205_00.583331.fcs",28172.439453125,6.13958978652954,0.204929083585739,0.105032756924629,0.105007313191891,0.179004222154617,0.819597542285919,-0.155265063047409,-1.95907080173492,-0.0896519422531128,0.157780021429062,8823.7998046875,0.083
"SDY736_FCM-1","/Users/zichenghu/Desktop/Local_Projects/MetaCyto/inst/extdata/SDY736/ResultFiles/Flow_cytometry_result/Hs90210C20090205_00.583065.fcs","cluster16","CD11A-|CD16-|CD28-|CD3-|CD4-|CD62L-|CD8-","Hs90210C20090205_00.583065.fcs",26770.2392578125,6.23703360557556,0.171744175255299,0.282381743192673,0.134888015687466,0.106384139508009,0.72447457909584,0.206602081656456,-1.79045206308365,0.129664577543736,0.224182516336441,5194.15014648438,0.04
"SDY736_FCM-1","/Users/zichenghu/Desktop/Local_Projects/MetaCyto/inst/extdata/SDY736/ResultFiles/Flow_cytometry_result/Hs90211C20090205_00.583066.fcs","cluster16","CD11A-|CD16-|CD28-|CD3-|CD4-|CD62L-|CD8-","Hs90211C20090205_00.583066.fcs",27269.1796875,6.20935940742493,0.206746958196163,0.426840960979462,0.099778201431036,0.136836864054203,1.3587709069252,-0.00407980242744088,-2.89476525783539,-0.649199187755585,-0.471439301967621,9481.39990234375,0.074
"SDY736_FCM-1","/Users/zichenghu/Desktop/Local_Projects/MetaCyto/inst/extdata/SDY736/ResultFiles/Flow_cytometry_result/T_Hs60003C200900407A_00.581924.fcs","cluster16","CD11A-|CD16-|CD28-|CD3-|CD4-|CD62L-|CD8-","Ki67ccr7_Hs60022C200906243.581846.fcs",25417.060546875,6.29426693916321,0.101734895259142,0.232454881072044,0.100490398705006,0.0761212669312954,0.562254786491394,-0.457457631826401,-2.39933097362518,-0.268467336893082,0.803905636072159,3552.5,0.498
"SDY736_FCM-1","/Users/zichenghu/Desktop/Local_Projects/MetaCyto/inst/extdata/SDY736/ResultFiles/Flow_cytometry_result/T_Hs60011C200900505A_00.581822.fcs","cluster16","CD11A-|CD16-|CD28-|CD3-|CD4-|CD62L-|CD8-","Ki67ccr7_Hs60025C200907134.583112.fcs",39258.560546875,6.3133692741394,0.0841957330703735,0.310530662536621,0.082856047898531,-0.707519561052322,1.32551848888397,-0.406750217080116,-1.47702449560165,0.00414321245625615,-0.0596886724233627,2927.40002441406,0.146
"SDY736_FCM-1","/Users/zichenghu/Desktop/Local_Projects/MetaCyto/inst/extdata/SDY736/ResultFiles/Flow_cytometry_result/T_Hs60012C200900505A_00.581833.fcs","cluster16","CD11A-|CD16-|CD28-|CD3-|CD4-|CD62L-|CD8-","Ki67ccr7_Hs60041C200908104.581964.fcs",40492.0390625,6.48041248321533,0.0750923380255699,0.397078841924667,0.0674301385879517,-0.0323376394808292,1.49589478969574,-0.0490128695964813,-0.679056882858276,0.0476041324436665,-0.0528578236699104,4706.60009765625,0.101
"SDY736_FCM-1","/Users/zichenghu/Desktop/Local_Projects/MetaCyto/inst/extdata/SDY736/ResultFiles/Flow_cytometry_result/Hs90208C20090205_00.583331.fcs","cluster17","CCR7+|CD11A+|CD16-|CD28+|CD3+|CD4+|CD62L+|CD8-|CD95+","Hs90208C20090205_00.583331.fcs",47987.5390625,6.21633219718933,3.21293234825134,4.26078367233276,0.106827728450298,1.68401747941971,3.29114532470703,4.44607520103455,6.67390871047974,-0.848526388406754,3.87607097625732,7877.15014648438,0.132
"SDY736_FCM-1","/Users/zichenghu/Desktop/Local_Projects/MetaCyto/inst/extdata/SDY736/ResultFiles/Flow_cytometry_result/Hs90210C20090205_00.583065.fcs","cluster17","CCR7+|CD11A+|CD16-|CD28+|CD3+|CD4+|CD62L+|CD8-|CD95+","Hs90210C20090205_00.583065.fcs",49736.6796875,6.21693801879883,3.14275979995728,4.202317237854,0.112639412283897,2.13868093490601,2.86513328552246,4.32540655136108,6.53085803985596,-0.732026875019073,3.96489882469177,5665.89990234375,0.155
"SDY736_FCM-1","/Users/zichenghu/Desktop/Local_Projects/MetaCyto/inst/extdata/SDY736/ResultFiles/Flow_cytometry_result/Hs90211C20090205_00.583066.fcs","cluster17","CCR7+|CD11A+|CD16-|CD28+|CD3+|CD4+|CD62L+|CD8-|CD95+","Hs90211C20090205_00.583066.fcs",49944.91796875,6.42102575302124,3.46568775177002,4.26109886169434,0.153841242194176,1.86021888256073,3.1434063911438,4.41206550598145,6.43830156326294,-1.46995162963867,3.98290014266968,7871.2998046875,0.067
"SDY736_FCM-1","/Users/zichenghu/Desktop/Local_Projects/MetaCyto/inst/extdata/SDY736/ResultFiles/Flow_cytometry_result/T_Hs60003C200900407A_00.581924.fcs","cluster17","CCR7+|CD11A+|CD16-|CD28+|CD3+|CD4+|CD62L+|CD8-|CD95+","Ki67ccr7_Hs60022C200906243.581846.fcs",46612.701171875,6.31791996955872,3.43854653835297,4.30700922012329,0.00761392246931791,1.83663040399551,3.37838160991669,4.20646858215332,5.39269065856934,1.72980433702469,3.78088355064392,2353,0.024
"SDY736_FCM-1","/Users/zichenghu/Desktop/Local_Projects/MetaCyto/inst/extdata/SDY736/ResultFiles/Flow_cytometry_result/T_Hs60011C200900505A_00.581822.fcs","cluster17","CCR7+|CD11A+|CD16-|CD28+|CD3+|CD4+|CD62L+|CD8-|CD95+","Ki67ccr7_Hs60025C200907134.583112.fcs",64485.23828125,6.26594495773315,3.28432059288025,4.24833583831787,0.122967407107353,2.86963891983032,3.01421689987183,4.29977560043335,5.43158864974976,-0.211231529712677,2.96272826194763,2965.30004882812,0.221
"SDY736_FCM-1","/Users/zichenghu/Desktop/Local_Projects/MetaCyto/inst/extdata/SDY736/ResultFiles/Flow_cytometry_result/T_Hs60012C200900505A_00.581833.fcs","cluster17","CCR7+|CD11A+|CD16-|CD28+|CD3+|CD4+|CD62L+|CD8-|CD95+","Ki67ccr7_Hs60041C200908104.581964.fcs",63216.0390625,6.13110256195068,3.25781607627869,4.26455497741699,0.102256886661053,3.09659075737,3.59010696411133,4.19280052185059,5.65180349349976,-0.272617667913437,2.89008760452271,4377.60009765625,0.237
"SDY736_FCM-1","/Users/zichenghu/Desktop/Local_Projects/MetaCyto/inst/extdata/SDY736/ResultFiles/Flow_cytometry_result/Hs90208C20090205_00.583331.fcs","cluster18","CCR7-|CD11A-|CD16-|CD28-|CD3-|CD4-|CD62L-|CD8-|CD95-","Hs90208C20090205_00.583331.fcs",24063.87890625,6.05066585540771,-0.0413296781480312,0.0832633525133133,0.0303137805312872,0.14518503844738,0.346734762191772,-0.416762202978134,-2.2430145740509,-0.25288712978363,-0.967768132686615,8823.7998046875,0.039
"SDY736_FCM-1","/Users/zichenghu/Desktop/Local_Projects/MetaCyto/inst/extdata/SDY736/ResultFiles/Flow_cytometry_result/Hs90210C20090205_00.583065.fcs","cluster18","CCR7-|CD11A-|CD16-|CD28-|CD3-|CD4-|CD62L-|CD8-|CD95-","Hs90210C20090205_00.583065.fcs",22018.71875,6.05572271347046,0.234062507748604,0.0384263135492802,0.126043200492859,0.0250706672668457,0.51498156785965,0.0236565768718719,-1.97207546234131,0.112548261880875,-1.50303792953491,4409.7001953125,0.019
"SDY736_FCM-1","/Users/zichenghu/Desktop/Local_Projects/MetaCyto/inst/extdata/SDY736/ResultFiles/Flow_cytometry_result/Hs90211C20090205_00.583066.fcs","cluster18","CCR7-|CD11A-|CD16-|CD28-|CD3-|CD4-|CD62L-|CD8-|CD95-","Hs90211C20090205_00.583066.fcs",23331.240234375,5.94779539108276,0.219521969556808,0.33734318614006,0.00493732094764709,0.116281606256962,0.935105562210083,-0.0907427594065666,-2.8399350643158,-0.494986712932587,-1.03037118911743,9628,0.037
"SDY736_FCM-1","/Users/zichenghu/Desktop/Local_Projects/MetaCyto/inst/extdata/SDY736/ResultFiles/Flow_cytometry_result/T_Hs60003C200900407A_00.581924.fcs","cluster18","CCR7-|CD11A-|CD16-|CD28-|CD3-|CD4-|CD62L-|CD8-|CD95-","Ki67ccr7_Hs60022C200906243.581846.fcs",21661.51953125,6.0451455116272,0.0587086826562881,0.230992823839188,0.0704299062490463,0.0793199092149734,0.156803548336029,-0.446707546710968,-2.45358991622925,-0.360741674900055,-1.22401583194733,3715.69995117188,0.255
"SDY736_FCM-1","/Users/zichenghu/Desktop/Local_Projects/MetaCyto/inst/extdata/SDY736/ResultFiles/Flow_cytometry_result/T_Hs60011C200900505A_00.581822.fcs","cluster18","CCR7-|CD11A-|CD16-|CD28-|CD3-|CD4-|CD62L-|CD8-|CD95-","Ki67ccr7_Hs60025C200907134.583112.fcs",31136.8193359375,6.0200023651123,0.0728570446372032,0.301834419369698,0.0563254579901695,-0.726797640323639,0.604687690734863,-0.47348427772522,-1.47475093603134,0.0039451263146475,-0.131947815418243,2805.34997558594,0.07
"SDY736_FCM-1","/Users/zichenghu/Desktop/Local_Projects/MetaCyto/inst/extdata/SDY736/ResultFiles/Flow_cytometry_result/T_Hs60012C200900505A_00.581833.fcs","cluster18","CCR7-|CD11A-|CD16-|CD28-|CD3-|CD4-|CD62L-|CD8-|CD95-","Ki67ccr7_Hs60041C200908104.581964.fcs",34847.51953125,6.44445896148682,0.0626853406429291,0.362752825021744,0.0600068271160126,-0.0584059804677963,0.806802868843079,-0.100625090301037,-0.717889785766602,0.0309309605509043,-0.0205547958612442,4230,0.051
"SDY736_FCM-1","/Users/zichenghu/Desktop/Local_Projects/MetaCyto/inst/extdata/SDY736/ResultFiles/Flow_cytometry_result/Hs90208C20090205_00.583331.fcs","cluster19","CCR7+|CD28+|CD3+|CD4+","Hs90208C20090205_00.583331.fcs",47937,6.21614789962769,3.14790773391724,4.21863508224487,0.107877023518085,1.63559865951538,3.16237831115723,4.50501203536987,6.58620548248291,-0.450684070587158,4.04160022735596,7396.89990234375,0.227
"SDY736_FCM-1","/Users/zichenghu/Desktop/Local_Projects/MetaCyto/inst/extdata/SDY736/ResultFiles/Flow_cytometry_result/Hs90210C20090205_00.583065.fcs","cluster19","CCR7+|CD28+|CD3+|CD4+","Hs90210C20090205_00.583065.fcs",45569.21875,6.0480649471283,2.84734630584717,4.08686089515686,0.121776808053255,1.81529146432877,1.48904627561569,4.42650651931763,6.52055215835571,-0.725860685110092,4.03343510627747,6141.60009765625,0.388
"SDY736_FCM-1","/Users/zichenghu/Desktop/Local_Projects/MetaCyto/inst/extdata/SDY736/ResultFiles/Flow_cytometry_result/Hs90211C20090205_00.583066.fcs","cluster19","CCR7+|CD28+|CD3+|CD4+","Hs90211C20090205_00.583066.fcs",48544.23828125,6.27079820632935,3.20873641967773,4.20333290100098,0.171034693717957,1.69351303577423,2.72835302352905,4.44837617874146,6.46235656738281,-1.09614849090576,4.16946983337402,7386.10009765625,0.161
"SDY736_FCM-1","/Users/zichenghu/Desktop/Local_Projects/MetaCyto/inst/extdata/SDY736/ResultFiles/Flow_cytometry_result/T_Hs60003C200900407A_00.581924.fcs","cluster19","CCR7+|CD28+|CD3+|CD4+","Ki67ccr7_Hs60022C200906243.581846.fcs",46556.078125,6.38416719436646,3.11191821098328,4.31498193740845,0.197785615921021,1.67661702632904,1.75472068786621,4.33162879943848,6.41301107406616,2.80483913421631,4.45217609405518,3153,0.201
"SDY736_FCM-1","/Users/zichenghu/Desktop/Local_Projects/MetaCyto/inst/extdata/SDY736/ResultFiles/Flow_cytometry_result/T_Hs60011C200900505A_00.581822.fcs","cluster19","CCR7+|CD28+|CD3+|CD4+","Ki67ccr7_Hs60025C200907134.583112.fcs",59222.23828125,6.07308673858643,3.0481231212616,4.22608089447021,0.109712369740009,2.67122220993042,1.77642202377319,4.47473001480103,5.37583017349243,-0.234895974397659,2.99548411369324,2977.69995117188,0.475
"SDY736_FCM-1","/Users/zichenghu/Desktop/Local_Projects/MetaCyto/inst/extdata/SDY736/ResultFiles/Flow_cytometry_result/T_Hs60012C200900505A_00.581833.fcs","cluster19","CCR7+|CD28+|CD3+|CD4+","Ki67ccr7_Hs60041C200908104.581964.fcs",62341.27734375,6.11300277709961,3.22943329811096,4.2458930015564,0.124904230237007,3.05010175704956,3.40066528320312,4.26711082458496,5.55740880966187,-0.141373798251152,2.9808075428009,4447.2001953125,0.367
"SDY736_FCM-1","/Users/zichenghu/Desktop/Local_Projects/MetaCyto/inst/extdata/SDY736/ResultFiles/Flow_cytometry_result/Hs90208C20090205_00.583331.fcs","cluster20","CD28+|CD3+|CD4+|CD95+","Hs90208C20090205_00.583331.fcs",49302.71875,6.32767486572266,3.33239984512329,4.25106525421143,0.148891940712929,1.73639261722565,3.52880787849426,4.39648866653442,6.56862020492554,-0.0913749039173126,3.91962504386902,7450.89990234375,0.189
"SDY736_FCM-1","/Users/zichenghu/Desktop/Local_Projects/MetaCyto/inst/extdata/SDY736/ResultFiles/Flow_cytometry_result/Hs90210C20090205_00.583065.fcs","cluster20","CD28+|CD3+|CD4+|CD95+","Hs90210C20090205_00.583065.fcs",49308.419921875,6.25358009338379,3.19226586818695,4.17762541770935,0.110398650169373,2.1592390537262,3.01981973648071,4.32915019989014,6.41601467132568,-0.425925120711327,3.83194005489349,5709.30004882812,0.206
"SDY736_FCM-1","/Users/zichenghu/Desktop/Local_Projects/MetaCyto/inst/extdata/SDY736/ResultFiles/Flow_cytometry_result/Hs90211C20090205_00.583066.fcs","cluster20","CD28+|CD3+|CD4+|CD95+","Hs90211C20090205_00.583066.fcs",50192.6796875,6.44550704956055,3.6085410118103,4.28535270690918,0.157145321369171,1.90931916236877,3.4710681438446,4.39025974273682,6.31067323684692,-0.920644462108612,3.91485834121704,7133.39990234375,0.119
"SDY736_FCM-1","/Users/zichenghu/Desktop/Local_Projects/MetaCyto/inst/extdata/SDY736/ResultFiles/Flow_cytometry_result/T_Hs60003C200900407A_00.581924.fcs","cluster20","CD28+|CD3+|CD4+|CD95+","Ki67ccr7_Hs60022C200906243.581846.fcs",51296.19921875,6.57495927810669,3.4530918598175,4.32881164550781,0.199816077947617,1.92561000585556,3.34393608570099,4.16359782218933,6.23817706108093,2.60230541229248,4.34673833847046,3129.65002441406,0.108
"SDY736_FCM-1","/Users/zichenghu/Desktop/Local_Projects/MetaCyto/inst/extdata/SDY736/ResultFiles/Flow_cytometry_result/T_Hs60011C200900505A_00.581822.fcs","cluster20","CD28+|CD3+|CD4+|CD95+","Ki67ccr7_Hs60025C200907134.583112.fcs",64039.12109375,6.25707817077637,3.31237125396729,4.24833583831787,0.137420147657394,2.88946676254272,3.06681728363037,4.28104829788208,5.37282562255859,-0.177802905440331,2.81619000434875,2889.10009765625,0.285
"SDY736_FCM-1","/Users/zichenghu/Desktop/Local_Projects/MetaCyto/inst/extdata/SDY736/ResultFiles/Flow_cytometry_result/T_Hs60012C200900505A_00.581833.fcs","cluster20","CD28+|CD3+|CD4+|CD95+","Ki67ccr7_Hs60041C200908104.581964.fcs",63841.51953125,6.16767692565918,3.32546424865723,4.27717113494873,0.145923390984535,3.13792777061462,3.72424221038818,4.18761587142944,5.56058120727539,-0.076779693365097,2.78107881546021,4487.10009765625,0.329
"SDY736_FCM-1","/Users/zichenghu/Desktop/Local_Projects/MetaCyto/inst/extdata/SDY736/ResultFiles/Flow_cytometry_result/Hs90208C20090205_00.583331.fcs","cluster21","CCR7+|CD28+|CD3+|CD4+|CD95-","Hs90208C20090205_00.583331.fcs",43500.87890625,5.96735572814941,2.80393648147583,4.1850061416626,0.0344769284129143,1.46129548549652,0.863763570785522,4.6623272895813,6.45949411392212,-0.933282911777496,4.03177499771118,5556.7998046875,0.057
"SDY736_FCM-1","/Users/zichenghu/Desktop/Local_Projects/MetaCyto/inst/extdata/SDY736/ResultFiles/Flow_cytometry_result/Hs90210C20090205_00.583065.fcs","cluster21","CCR7+|CD28+|CD3+|CD4+|CD95-","Hs90210C20090205_00.583065.fcs",43136.078125,5.91028356552124,2.69023704528809,4.05423974990845,0.0962434858083725,1.60834074020386,0.205768555402756,4.49584913253784,6.52103328704834,-1.08997189998627,4.03461360931396,6384.10009765625,0.209
"SDY736_FCM-1","/Users/zichenghu/Desktop/Local_Projects/MetaCyto/inst/extdata/SDY736/ResultFiles/Flow_cytometry_result/Hs90211C20090205_00.583066.fcs","cluster21","CCR7+|CD28+|CD3+|CD4+|CD95-","Hs90211C20090205_00.583066.fcs",43353.439453125,5.91095113754272,2.90304720401764,4.13370752334595,0.16984648257494,1.47569316625595,0.0938810184597969,4.4752140045166,6.4918315410614,-1.711521089077,4.2194561958313,8465.400390625,0.06
"SDY736_FCM-1","/Users/zichenghu/Desktop/Local_Projects/MetaCyto/inst/extdata/SDY736/ResultFiles/Flow_cytometry_result/T_Hs60003C200900407A_00.581924.fcs","cluster21","CCR7+|CD28+|CD3+|CD4+|CD95-","Ki67ccr7_Hs60022C200906243.581846.fcs",40141.298828125,6.03107714653015,2.83807158470154,4.29145956039429,0.180630631744862,1.51422083377838,0.242964625358582,4.51331615447998,6.54378986358643,2.88825440406799,4.51380014419556,3686,0.098
"SDY736_FCM-1","/Users/zichenghu/Desktop/Local_Projects/MetaCyto/inst/extdata/SDY736/ResultFiles/Flow_cytometry_result/T_Hs60011C200900505A_00.581822.fcs","cluster21","CCR7+|CD28+|CD3+|CD4+|CD95-","Ki67ccr7_Hs60025C200907134.583112.fcs",55182.078125,5.87022972106934,2.85235357284546,4.20554208755493,0.087325818836689,2.45794248580933,-0.0246214438229799,4.59038257598877,5.35362339019775,-0.317347973585129,3.04581022262573,2977.69995117188,0.229
"SDY736_FCM-1","/Users/zichenghu/Desktop/Local_Projects/MetaCyto/inst/extdata/SDY736/ResultFiles/Flow_cytometry_result/T_Hs60012C200900505A_00.581833.fcs","cluster21","CCR7+|CD28+|CD3+|CD4+|CD95-","Ki67ccr7_Hs60041C200908104.581964.fcs",55127.740234375,5.89623498916626,2.80665349960327,4.16881704330444,0.0801028348505497,2.55999672412872,0.532152086496353,4.50735330581665,5.38083171844482,-0.188109844923019,3.16576552391052,4524.15014648438,0.076
"SDY736_FCM-1","/Users/zichenghu/Desktop/Local_Projects/MetaCyto/inst/extdata/SDY736/ResultFiles/Flow_cytometry_result/Hs90208C20090205_00.583331.fcs","cluster22","CD3+|CD4-|CD8+|CCR7+","Hs90208C20090205_00.583331.fcs",52815.4375,6.54623746871948,4.19542598724365,-1.45415306091309,0.158253565430641,0.589098393917084,3.12652611732483,4.2888650894165,6.169508934021,5.24364757537842,2.97683238983154,7551.2001953125,0.075
"SDY736_FCM-1","/Users/zichenghu/Desktop/Local_Projects/MetaCyto/inst/extdata/SDY736/ResultFiles/Flow_cytometry_result/Hs90210C20090205_00.583065.fcs","cluster22","CD3+|CD4-|CD8+|CCR7+","Hs90210C20090205_00.583065.fcs",46561.779296875,6.12874054908752,2.75308454036713,-1.00064623355865,0.184696339070797,1.37893897294998,0.790368676185608,4.01048302650452,6.57738757133484,5.71643018722534,4.26628160476685,6152.2001953125,0.11
"SDY736_FCM-1","/Users/zichenghu/Desktop/Local_Projects/MetaCyto/inst/extdata/SDY736/ResultFiles/Flow_cytometry_result/Hs90211C20090205_00.583066.fcs","cluster22","CD3+|CD4-|CD8+|CCR7+","Hs90211C20090205_00.583066.fcs",45281.560546875,6.13682293891907,3.01560986042023,-0.23051630705595,0.130716063082218,0.869863152503967,0.42262876033783,3.97421264648438,6.65198278427124,5.88736867904663,4.52996158599854,8450.650390625,0.172
"SDY736_FCM-1","/Users/zichenghu/Desktop/Local_Projects/MetaCyto/inst/extdata/SDY736/ResultFiles/Flow_cytometry_result/T_Hs60003C200900407A_00.581924.fcs","cluster22","CD3+|CD4-|CD8+|CCR7+","Ki67ccr7_Hs60022C200906243.581846.fcs",49159.458984375,6.48121571540833,3.27077007293701,-2.18811821937561,0.132141269743443,1.31487220525742,1.61191463470459,3.87900483608246,6.58981537818909,6.08792495727539,4.48424792289734,2968.70007324219,0.05
"SDY736_FCM-1","/Users/zichenghu/Desktop/Local_Projects/MetaCyto/inst/extdata/SDY736/ResultFiles/Flow_cytometry_result/T_Hs60011C200900505A_00.581822.fcs","cluster22","CD3+|CD4-|CD8+|CCR7+","Ki67ccr7_Hs60025C200907134.583112.fcs",64045.19921875,6.24102067947388,3.287806391716,-1.17394042015076,0.161774143576622,2.21108150482178,2.01436960697174,3.92423117160797,5.46779608726501,4.82813453674316,3.19840514659882,3543.29992675781,0.044
"SDY736_FCM-1","/Users/zichenghu/Desktop/Local_Projects/MetaCyto/inst/extdata/SDY736/ResultFiles/Flow_cytometry_result/T_Hs60012C200900505A_00.581833.fcs","cluster22","CD3+|CD4-|CD8+|CCR7+","Ki67ccr7_Hs60041C200908104.581964.fcs",66473.01953125,6.24707674980164,3.98679292201996,-1.5778403878212,0.191698685288429,2.18173944950104,3.05795633792877,4.09365177154541,4.70651125907898,4.4666919708252,2.35119485855103,4623.69995117188,0.05
