"study_id","fcs_files","cluster_id","label","fcs_names","TIME","CELL_LENGTH","DEAD","CD19","CD4","CD8","IGD","CD85J","CD16","CD3","CD38","CD27","CD14","CD94","CCR7","CD45RA","CD20","CD127","CD33","CD28","CD24","CD161","TCRGD","CD56","HLADR","CD25","DNA1","DNA2","fraction"
"Data_SDY420_CyTOF-1","Data/SDY420/ResultFiles/CyTOF_result/11-0059_cells_found.573523.fcs","cluster1","CD16-|CD3-|CD4-|CD8-","11-0059_cells_found.573523.fcs",590891,37,-0.0115511999465525,0.0417698305100203,0.0649054571986198,0.0050621887203306,-0.0127011025324464,1.64369982481003,-0.0192719185724854,0.0426606722176075,1.66532695293427,0.369590595364571,0.0123265157453716,-0.0504331700503826,0.234228625893593,2.78033256530762,0.57761612534523,0.0417310427874327,0.206160806119442,0.0337586663663387,-0.00776062486693263,-0.0546456407755613,-0.0519255790859461,-0.0310661206021905,3.41551804542542,0.528607934713364,6.50569128990173,6.94857001304626,0.404
"Data_SDY420_CyTOF-1","Data/SDY420/ResultFiles/CyTOF_result/11-0445_cells_found.573686.fcs","cluster1","CD16-|CD3-|CD4-|CD8-","11-0445_cells_found.573686.fcs",563900,40,0.0108449663966894,-0.0378384962677956,0.195301830768585,-0.033000536262989,-0.0381894446909428,2.08708024024963,0.0159632582217455,0.071822814643383,3.10246348381042,0.195178583264351,0.454627871513367,-0.0171707943081856,0.0456284284591675,2.0787570476532,-0.0205924995243549,-0.032641664147377,2.29224753379822,0.205434560775757,-0.0228533409535885,-0.0409191474318504,-0.0536723509430885,0.135584339499474,4.13129186630249,0.635066747665405,6.69317150115967,7.12979698181152,0.295
"Data_SDY420_CyTOF-1","Data/SDY420/ResultFiles/CyTOF_result/11-0462_cells_found.573690.fcs","cluster1","CD16-|CD3-|CD4-|CD8-","11-0462_cells_found.573690.fcs",647818,40,-0.00531983142718673,-0.0371872782707214,0.12958425283432,-0.039316039532423,-0.0391051415354013,1.75550532341003,-0.0204485896974802,-0.00439768936485052,2.4080023765564,0.179208055138588,0.472515314817429,-0.0201107859611511,-0.00501522119157016,2.51846516132355,-0.000422006152803078,-0.0258709387853742,0.246013626456261,-0.0200765421614051,-0.0369648579508066,-0.0485121086239815,-0.0489829480648041,0.193307869136333,2.48607552051544,0.163699187338352,6.67388606071472,7.09909009933472,0.446
"Data_SDY420_CyTOF-1","Data/SDY420/ResultFiles/CyTOF_result/11-0491-1_cells_found.573697.fcs","cluster1","CD16-|CD3-|CD4-|CD8-","11-0491-1_cells_found.573697.fcs",523689,33,0.28897824883461,-0.0506225079298019,-0.00149011507164687,-0.0249321162700653,-0.0338985938578844,1.67411011457443,-0.0259830085560679,0.171009451150894,2.52284181118011,0.30159755051136,0.397964179515839,-0.0170306619256735,0.80215784907341,0.508035182952881,0.337614834308624,-0.0113442898727953,1.00069063901901,0.199783354997635,-0.0246961321681738,-0.0198930772021413,-0.0475498717278242,-0.0227465117350221,2.79958617687225,0.0517118107527494,5.06352233886719,5.6497220993042,0.34
"Data_SDY420_CyTOF-1","Data/SDY420/ResultFiles/CyTOF_result/11-0059_cells_found.573523.fcs","cluster2","CD16-|CD3-|CD4-","11-0059_cells_found.573523.fcs",590587,37,-0.0105373803526163,0.0286500621587038,0.0646377131342888,0.00579619174823165,-0.0136644029989839,1.62562644481659,-0.0196728128939867,0.0446380339562893,1.65234136581421,0.369631499052048,0.00887190829962492,-0.0503028966486454,0.235624134540558,2.74120187759399,0.571223258972168,0.0510612092912197,0.198988273739815,0.0593023933470249,-0.00781270209699869,-0.0543663874268532,-0.0523403473198414,-0.0310498792678118,3.3600640296936,0.499104678630829,6.50495386123657,6.94841289520264,0.409
"Data_SDY420_CyTOF-1","Data/SDY420/ResultFiles/CyTOF_result/11-0445_cells_found.573686.fcs","cluster2","CD16-|CD3-|CD4-","11-0445_cells_found.573686.fcs",562610.5,40,0.0100163049064577,-0.0381541550159454,0.192722320556641,-0.0324598271399736,-0.0384331867098808,2.07714509963989,0.00791013811249286,0.0732307210564613,3.09693837165833,0.194025374948978,0.441677078604698,-0.0171639500185847,0.0444249995052814,2.05162179470062,-0.0209357915446162,-0.0326550882309675,2.25133633613586,0.197785243391991,-0.0225460194051266,-0.0409899149090052,-0.0531448032706976,0.134816490113735,4.12179207801819,0.617097079753876,6.69130325317383,7.12961053848267,0.296
"Data_SDY420_CyTOF-1","Data/SDY420/ResultFiles/CyTOF_result/11-0462_cells_found.573690.fcs","cluster2","CD16-|CD3-|CD4-","11-0462_cells_found.573690.fcs",648435.5,40,-0.00562371290288866,-0.0373018942773342,0.127085752785206,-0.0386453624814749,-0.0391051415354013,1.74149870872498,-0.0204485896974802,-0.00473379110917449,2.39741599559784,0.179208055138588,0.472515314817429,-0.0199399702250957,-0.00501522119157016,2.52556991577148,-0.000422006152803078,-0.0258709387853742,0.24013789743185,-0.0200765421614051,-0.0369648579508066,-0.0483681336045265,-0.0492482911795378,0.197762444615364,2.47175145149231,0.162401303648949,6.67237615585327,7.09829330444336,0.448
"Data_SDY420_CyTOF-1","Data/SDY420/ResultFiles/CyTOF_result/11-0491-1_cells_found.573697.fcs","cluster2","CD16-|CD3-|CD4-","11-0491-1_cells_found.573697.fcs",488449,33,0.263105243444443,-0.0487046502530575,-0.00410384638234973,-0.0147537607699633,-0.0363182313740253,1.52270770072937,-0.0251083560287952,0.225659877061844,2.38181090354919,0.334356099367142,0.310287833213806,-0.0135231241583824,0.835350394248962,0.708004117012024,0.333524167537689,-0.0102567225694656,0.753009915351868,0.193223044276237,-0.025315610691905,-0.0191646367311478,-0.0455694198608398,-0.0225032456219196,2.48524332046509,-0.00232287892140448,5.08097314834595,5.681321144104,0.381
"Data_SDY420_CyTOF-1","Data/SDY420/ResultFiles/CyTOF_result/11-0059_cells_found.573523.fcs","cluster3","CCR7+|CD28+|CD3+|CD4+","11-0059_cells_found.573523.fcs",571903,43,-0.00415188609622419,0.0399400275200605,3.2159264087677,0.500694334506989,-0.0331572256982327,-0.0243152128532529,-0.025142771191895,3.87970292568207,1.19400727748871,3.76460099220276,0.0895530171692371,-0.0412781685590744,2.53365015983582,1.64743965864182,0.189409360289574,1.64616918563843,0.467799663543701,2.35811161994934,0.182927653193474,-0.0272865770384669,-0.0547040831297636,-0.0391872730106115,0.216449782252312,0.325528204441071,6.31727647781372,6.78835010528564,0.186
"Data_SDY420_CyTOF-1","Data/SDY420/ResultFiles/CyTOF_result/11-0445_cells_found.573686.fcs","cluster3","CCR7+|CD28+|CD3+|CD4+","11-0445_cells_found.573686.fcs",496263.5,45.5,-0.0151067432016134,-0.00416388968005776,3.56366491317749,0.583172202110291,-0.0364161990582943,-0.015822016634047,-0.00660005817189813,4.59844017028809,2.18036985397339,4.30062747001648,0.0899541862308979,-0.0265256864950061,3.46321320533752,4.32399654388428,0.127802148461342,1.07971435785294,0.541288197040558,2.22065460681915,0.16132777184248,-0.039261581376195,-0.0483226273208857,-0.0275309132412076,0.214659355580807,0.667072236537933,6.50100922584534,6.9186851978302,0.212
"Data_SDY420_CyTOF-1","Data/SDY420/ResultFiles/CyTOF_result/11-0462_cells_found.573690.fcs","cluster3","CCR7+|CD28+|CD3+|CD4+","11-0462_cells_found.573690.fcs",614511,43,-0.0299576204270124,-0.0130081381648779,3.320645570755,0.360680490732193,-0.0232479050755501,-0.0212529227137566,-0.0273228492587805,4.16032934188843,1.54218471050262,3.79686999320984,0.0426102913916111,-0.0293648689985275,2.72326040267944,2.30393958091736,-0.013217699714005,1.70879423618317,0.384556144475937,2.10468816757202,0.154790446162224,-0.0369862392544746,-0.0519930012524128,-0.0243161041289568,0.0755508914589882,0.348773658275604,6.43729543685913,6.88079833984375,0.201
"Data_SDY420_CyTOF-1","Data/SDY420/ResultFiles/CyTOF_result/11-0491-1_cells_found.573697.fcs","cluster3","CCR7+|CD28+|CD3+|CD4+","11-0491-1_cells_found.573697.fcs",441771,43,0.300361886620522,-0.0167555185034871,2.88653683662415,0.692670702934265,-0.0047987790312618,0.399138674139977,-0.00906254374422133,2.74889469146729,2.58787477016449,3.67502748966217,0.537169963121414,0.0370720002101734,3.14835250377655,1.61219531297684,0.311442911624908,0.335674494504929,0.601405471563339,1.72393661737442,-0.0192747265100479,-0.00765937427058816,-0.0339586418122053,-0.0482384003698826,0.638241916894913,-0.00203058723127469,5.55233216285706,6.13336443901062,0.098
"Data_SDY420_CyTOF-1","Data/SDY420/ResultFiles/CyTOF_result/11-0059_cells_found.573523.fcs","cluster4","CD14-|CD19-|CD20-|CD33-|IGD-","11-0059_cells_found.573523.fcs",584103,39,-0.00934965535998344,-0.0397486612200737,1.06999456882477,0.503240823745728,-0.0466019473969936,-0.0226014070212841,-0.00185618095565587,3.11282801628113,0.987389385700226,2.28681564331055,-0.0293378904461861,-0.0308146066963673,1.00720047950745,1.85616970062256,0.177990645170212,0.535771787166595,0.220845818519592,1.18017375469208,-0.0157561954110861,-0.0266976691782475,-0.0547816418111324,-0.0233785752207041,0.198934733867645,-0.00779166258871555,6.24419736862183,6.69977140426636,0.567
"Data_SDY420_CyTOF-1","Data/SDY420/ResultFiles/CyTOF_result/11-0445_cells_found.573686.fcs","cluster4","CD14-|CD19-|CD20-|CD33-|IGD-","11-0445_cells_found.573686.fcs",548652,39,-0.0070532625541091,-0.040701299905777,0.4850834608078,0.382198840379715,-0.0449316017329693,0.0532364472746849,0.130261987447739,2.92762112617493,1.97980153560638,0.836672246456146,-0.025930006057024,0.147271052002907,0.588200390338898,4.21462392807007,-0.00707927579060197,-0.000596747966483235,0.160699918866158,0.177668496966362,-0.0285598021000624,-0.0290489792823792,-0.0522494688630104,0.230161473155022,0.291120141744614,0.0503451190888882,6.44482231140137,6.89315605163574,0.557
"Data_SDY420_CyTOF-1","Data/SDY420/ResultFiles/CyTOF_result/11-0462_cells_found.573690.fcs","cluster4","CD14-|CD19-|CD20-|CD33-|IGD-","11-0462_cells_found.573690.fcs",610194,39,-0.0138209136202931,-0.045869342982769,0.844216704368591,0.145933538675308,-0.0470540001988411,-0.00997243262827396,-0.0168836452066898,2.08366107940674,1.25687038898468,0.789712429046631,-0.0213507488369942,-0.00684821885079145,0.530248284339905,2.89708232879639,-0.0023598677944392,0.0263504646718502,-0.00161078642122447,0.288655787706375,-0.0331785604357719,-0.0376377552747726,-0.0527857355773449,0.0972941815853119,0.170057371258736,-0.00359734264202416,6.37435293197632,6.83378314971924,0.599
"Data_SDY420_CyTOF-1","Data/SDY420/ResultFiles/CyTOF_result/11-0491-1_cells_found.573697.fcs","cluster4","CD14-|CD19-|CD20-|CD33-|IGD-","11-0491-1_cells_found.573697.fcs",474751,33,0.0970125272870064,-0.047825526446104,1.52052390575409,0.340968161821365,-0.0398334264755249,0.137102290987968,-0.0272021535784006,1.95488131046295,1.41841650009155,2.3717086315155,-0.0132565097883344,-0.00975723005831242,1.91923022270203,1.62524211406708,0.105190962553024,-0.0160876903682947,0.0709719955921173,0.131663963198662,-0.0428188815712929,-0.0199722126126289,-0.0439626984298229,-0.0440387018024921,0.126242637634277,-0.0395252965390682,5.07348966598511,5.63554525375366,0.571
"Data_SDY420_CyTOF-1","Data/SDY420/ResultFiles/CyTOF_result/11-0059_cells_found.573523.fcs","cluster5","CD8-|CD94-","11-0059_cells_found.573523.fcs",577666,39,-0.00333402468822896,-0.012717948295176,0.796181440353394,0.202329754829407,-0.0323188938200474,0.669304847717285,-0.00391758512705564,0.656591713428497,1.46982133388519,1.06851291656494,0.0159537922590971,-0.0412434004247189,0.720863521099091,2.27972888946533,0.317404329776764,0.266611754894257,0.390300422906876,0.747531652450562,0.0172377973794937,-0.0418512560427189,-0.0520875714719296,-0.030294144526124,1.5814220905304,0.388659417629242,6.46642303466797,6.89432859420776,0.815
"Data_SDY420_CyTOF-1","Data/SDY420/ResultFiles/CyTOF_result/11-0445_cells_found.573686.fcs","cluster5","CD8-|CD94-","11-0445_cells_found.573686.fcs",545260,41,0.0256966175511479,-0.0346254929900169,1.47062206268311,0.173298075795174,-0.0404877848923206,1.26860928535461,0.160757131874561,0.755981951951981,2.8581223487854,0.665091753005981,0.247568860650063,-0.0221844166517258,0.597952246665955,2.78207468986511,-0.00166784727480263,0.0540847703814507,1.11036908626556,0.941538155078888,-0.00381130224559456,-0.0385638773441315,-0.0491594765335321,0.0833658948540688,2.67295038700104,0.684717655181885,6.66321754455566,7.10436344146729,0.764
"Data_SDY420_CyTOF-1","Data/SDY420/ResultFiles/CyTOF_result/11-0462_cells_found.573690.fcs","cluster5","CD8-|CD94-","11-0462_cells_found.573690.fcs",634955,42,-0.0117705180309713,-0.0296073313802481,1.26282125711441,0.0228702295571566,-0.0356776360422373,0.947868794202805,-0.022862265817821,0.606567651033401,2.11557650566101,0.822075128555298,0.210678540170193,-0.033560236915946,0.644924938678741,2.31642436981201,-0.00821630866266787,0.139315895736217,0.418018758296967,0.407311320304871,-0.0228093368932605,-0.0472631249576807,-0.0489038340747356,-0.00381980487145483,1.44224029779434,0.316155597567558,6.62470388412476,7.04391527175903,0.804
"Data_SDY420_CyTOF-1","Data/SDY420/ResultFiles/CyTOF_result/11-0491-1_cells_found.573697.fcs","cluster5","CD8-|CD94-","11-0491-1_cells_found.573697.fcs",530371,34,0.202121809124947,-0.041808370500803,1.43580436706543,0.0489236451685429,-0.0301431957632303,0.86607825756073,-0.018538280390203,1.22302979230881,2.41849792003632,1.23740208148956,0.288004368543625,-0.0124644804745913,1.7375653386116,1.13026565313339,0.225715771317482,0.0956462547183037,0.546904742717743,0.529351741075516,-0.02591388579458,-0.027194133028388,-0.0454633291810751,-0.0360198710113764,1.22586911916733,-0.00436576688662171,5.1574182510376,5.71243906021118,0.786
"Data_SDY420_CyTOF-1","Data/SDY420/ResultFiles/CyTOF_result/11-0059_cells_found.573523.fcs","cluster6","CD19-|CD20-|CD8-|CD85J+|CD94-|IGD-","11-0059_cells_found.573523.fcs",393085,41,0.164011113345623,-0.0402344353497028,0.910696893930435,0.169176958501339,-0.0520982276648283,3.01116871833801,0.208610869944096,0.260484710335732,3.15126931667328,0.393650829792023,1.8532343506813,-0.0403279531747103,0.078483410179615,2.04490840435028,0.160051830112934,-0.0155469216406345,4.16162014007568,0.998346120119095,0.139330491423607,-0.0421118922531605,-0.0413979589939117,-0.00896879006177187,3.56940925121307,0.629920035600662,6.75900053977966,7.13817977905273,0.196
"Data_SDY420_CyTOF-1","Data/SDY420/ResultFiles/CyTOF_result/11-0445_cells_found.573686.fcs","cluster6","CD19-|CD20-|CD8-|CD85J+|CD94-|IGD-","11-0445_cells_found.573686.fcs",519706.5,46,0.137402676045895,-0.0446011628955603,1.32362747192383,0.116750434041023,-0.0446148943156004,3.30960774421692,0.500411376357079,0.401839479804039,3.65858376026154,0.370723441243172,2.7182549238205,-0.0133039713837206,0.213318280875683,2.33953058719635,0.00728829685249366,-0.0263042822480202,4.44630670547485,1.10609459877014,0.0785465687513351,-0.0335720311850309,-0.0436062011867762,0.298563286662102,4.8569598197937,1.10062235593796,6.93805932998657,7.29531264305115,0.328
"Data_SDY420_CyTOF-1","Data/SDY420/ResultFiles/CyTOF_result/11-0462_cells_found.573690.fcs","cluster6","CD19-|CD20-|CD8-|CD85J+|CD94-|IGD-","11-0462_cells_found.573690.fcs",617721,47,0.102844499051571,-0.0467616990208626,1.05485343933105,-0.0106954975053668,-0.0472640804946423,3.01154398918152,0.169051051139832,0.198369547724724,3.31202626228333,0.372563391923904,2.51997256278992,-0.0144376251846552,0.0474887415766716,2.43877220153809,-0.00326857599429786,-0.0274775866419077,1.5498651266098,0.308323919773102,-0.040002278983593,-0.0367356054484844,-0.0414982959628105,0.39404222369194,3.47546100616455,0.679390788078308,6.97322082519531,7.31054830551147,0.275
"Data_SDY420_CyTOF-1","Data/SDY420/ResultFiles/CyTOF_result/11-0491-1_cells_found.573697.fcs","cluster6","CD19-|CD20-|CD8-|CD85J+|CD94-|IGD-","11-0491-1_cells_found.573697.fcs",465022,37,0.35489359498024,-0.0506554413586855,0.818418651819229,0.139873966574669,-0.0330904759466648,3.35537087917328,0.266899973154068,0.567584246397018,3.25364708900452,0.439736276865005,2.75990915298462,0.0947210639715195,1.03662019968033,0.50575065612793,0.292696595191956,0.0930387899279594,4.4134795665741,1.25683599710464,0.0542407725006342,-0.0146061512641609,-0.0331270284950733,-0.00752063980326056,3.35512900352478,0.346129566431046,5.3637363910675,5.93235516548157,0.264
"Data_SDY420_CyTOF-1","Data/SDY420/ResultFiles/CyTOF_result/11-0059_cells_found.573523.fcs","cluster7","CD20+|CD8-|CD94-|TCRGD-","11-0059_cells_found.573523.fcs",644135.5,41,-0.00560673512518406,1.26562124490738,-0.00718806381337345,0.0391859784722328,1.58128070831299,1.6268504858017,-0.021445800550282,0.0518611297011375,1.06876277923584,1.58443307876587,-0.0298316618427634,-0.0449198316782713,1.50083231925964,5.36397743225098,5.10594272613525,0.624011278152466,-0.0107392803765833,-0.0365375559777021,0.173903577029705,-0.0546456407755613,-0.0524808652698994,-0.0292064314708114,4.28819823265076,1.10679346323013,6.52389669418335,6.96851229667664,0.196
"Data_SDY420_CyTOF-1","Data/SDY420/ResultFiles/CyTOF_result/11-0445_cells_found.573686.fcs","cluster7","CD20+|CD8-|CD94-|TCRGD-","11-0445_cells_found.573686.fcs",583622.5,47.5,-0.018629820086062,2.19751751422882,0.092393483966589,-0.00886793981771916,3.64414238929749,1.73549365997314,-0.00471778598148376,0.0561511237174273,2.67530608177185,0.378253147006035,0.0114682465791702,-0.0427473336458206,1.82190728187561,5.93511986732483,5.71780800819397,0.923559099435806,0.118179515004158,-0.0298222778365016,-0.0146686951629817,-0.0499410703778267,-0.0459721311926842,0.0294490337837487,5.62586236000061,1.3531938791275,6.65610289573669,7.13613390922546,0.056
"Data_SDY420_CyTOF-1","Data/SDY420/ResultFiles/CyTOF_result/11-0462_cells_found.573690.fcs","cluster7","CD20+|CD8-|CD94-|TCRGD-","11-0462_cells_found.573690.fcs",606307,47,-0.0296041946858168,2.16380715370178,0.106001205742359,-0.0105957677587867,2.79270482063293,2.03251600265503,-0.0370689630508423,0.111343719065189,2.06253266334534,0.671625673770905,-0.0148852430284023,-0.046984538435936,1.87892770767212,5.82740640640259,4.85163259506226,0.432127892971039,-0.00585691118612885,-0.0290924161672592,0.172896906733513,-0.0515995547175407,-0.0472502335906029,-0.0474678538739681,3.54489159584045,0.578537940979004,6.5849986076355,7.02570009231567,0.083
"Data_SDY420_CyTOF-1","Data/SDY420/ResultFiles/CyTOF_result/11-0491-1_cells_found.573697.fcs","cluster7","CD20+|CD8-|CD94-|TCRGD-","11-0491-1_cells_found.573697.fcs",487093,36,0.153750821948051,0.392042070627213,-0.0140106976032257,-0.0270278919488192,1.25286543369293,1.87722170352936,-0.0232373010367155,0.201008051633835,2.45342755317688,0.335032790899277,0.0429960452020168,0.154073655605316,2.01992774009705,3.26395797729492,5.5756688117981,0.520259499549866,0.0957866087555885,-0.0367364771664143,0.0962520837783813,-0.0128134805709124,-0.0465020723640919,-0.00700038345530629,4.15082550048828,0.64593106508255,5.0680832862854,5.70549011230469,0.071
"Data_SDY420_CyTOF-1","Data/SDY420/ResultFiles/CyTOF_result/11-0059_cells_found.573523.fcs","cluster8","CD14-|CD16-|CD19-|CD20-|CD33-|IGD-","11-0059_cells_found.573523.fcs",558203.5,38,-0.010518467053771,-0.0365585181862116,2.18490374088287,0.453326880931854,-0.0426353104412556,-0.0311449961736798,-0.0254928981885314,3.34721863269806,0.761263638734818,2.89001572132111,-0.0325522162020206,-0.045713696628809,1.41385626792908,1.47637033462524,0.121443435549736,1.00915282964706,0.258470118045807,1.62922155857086,-0.00698336400091648,-0.0393596198409796,-0.0590734295547009,-0.0429055783897638,0.140983887016773,-0.00492680794559419,6.2245728969574,6.67946171760559,0.456
"Data_SDY420_CyTOF-1","Data/SDY420/ResultFiles/CyTOF_result/11-0445_cells_found.573686.fcs","cluster8","CD14-|CD16-|CD19-|CD20-|CD33-|IGD-","11-0445_cells_found.573686.fcs",558162,38,-0.00827907305210829,-0.0361429285258055,2.30029845237732,0.338269606232643,-0.0381367392838001,-0.0263087432831526,-0.0306059615686536,4.04524302482605,1.333192050457,2.47711527347565,-0.033315435051918,-0.0201621362939477,1.6305313706398,3.17329585552216,-0.0224403012543917,0.229903340339661,0.2126744389534,0.832063645124435,-0.0213881470263004,-0.0408776495605707,-0.0534397587180138,-0.0253745289519429,0.111428774893284,0.127017840743065,6.34887909889221,6.85135293006897,0.39
"Data_SDY420_CyTOF-1","Data/SDY420/ResultFiles/CyTOF_result/11-0462_cells_found.573690.fcs","cluster8","CD14-|CD16-|CD19-|CD20-|CD33-|IGD-","11-0462_cells_found.573690.fcs",623727,38,-0.020390348508954,-0.0443444810807705,1.88073706626892,0.125526890158653,-0.0443989895284176,-0.0185134150087833,-0.0399500466883183,3.20160841941833,1.06103134155273,1.50060498714447,-0.0221244748681784,-0.0253156628459692,0.972928285598755,2.17665219306946,-0.0184378139674664,0.188248947262764,0.0753287896513939,0.806377410888672,-0.0309088118374348,-0.045911505818367,-0.0550320334732533,-0.0152708990499377,0.0967935621738434,-0.00169616215862334,6.29633617401123,6.77242374420166,0.485
"Data_SDY420_CyTOF-1","Data/SDY420/ResultFiles/CyTOF_result/11-0491-1_cells_found.573697.fcs","cluster8","CD14-|CD16-|CD19-|CD20-|CD33-|IGD-","11-0491-1_cells_found.573697.fcs",483119.5,33,0.0891604237258434,-0.0470207091420889,1.6530430316925,0.339678913354874,-0.0396554414182901,0.0988096036016941,-0.0366988573223352,1.97494095563889,1.29695427417755,2.54222691059113,-0.0131447287276387,-0.0126934130676091,2.02467787265778,1.54914391040802,0.105261784046888,-0.0152572910301387,-0.00155296252341941,0.17587897926569,-0.0428159162402153,-0.0242200512439013,-0.0474812462925911,-0.0483844336122274,0.10721105709672,-0.0400877073407173,5.06916522979736,5.6354672908783,0.52
"Data_SDY420_CyTOF-1","Data/SDY420/ResultFiles/CyTOF_result/11-0059_cells_found.573523.fcs","cluster9","CD19-|CD20-|CD56+|IGD-|TCRGD-","11-0059_cells_found.573523.fcs",587541,45,0.0462158564478159,-0.0406985748559237,0.00151807448128238,1.03563702106476,-0.0489735584706068,0.151545993983746,2.76526403427124,0.657707065343857,3.50524139404297,0.58255073428154,-0.00568700674921274,1.62877357006073,0.181318193674088,5.19500303268433,0.408817127346992,0.0297281509265304,0.149957589805126,0.0700841583311558,-0.0301894349977374,0.595339089632034,-0.0445064604282379,2.77146244049072,0.678796380758286,-0.00420077366288751,6.36571097373962,6.81125569343567,0.13
"Data_SDY420_CyTOF-1","Data/SDY420/ResultFiles/CyTOF_result/11-0445_cells_found.573686.fcs","cluster9","CD19-|CD20-|CD56+|IGD-|TCRGD-","11-0445_cells_found.573686.fcs",571821,45,0.0252079535275698,-0.0518884230405092,-0.00723404041491449,0.617536127567291,-0.0539902094751596,0.804349601268768,2.28975963592529,0.546066164970398,3.60785377025604,0.397212758660316,0.0385830923914909,2.01804721355438,0.137432366609573,4.95223355293274,0.183715380728245,-0.0330141317099333,0.153371468186378,-0.0212427917867899,-0.0380131099373102,0.105395007878542,-0.0500949434936047,2.8647392988205,0.902134627103806,0.0970687419176102,6.65619921684265,7.06962728500366,0.254
"Data_SDY420_CyTOF-1","Data/SDY420/ResultFiles/CyTOF_result/11-0462_cells_found.573690.fcs","cluster9","CD19-|CD20-|CD56+|IGD-|TCRGD-","11-0462_cells_found.573690.fcs",631267.5,45,0.101586308330297,-0.0509854815900326,-0.00599226052872837,0.0247949808835983,-0.0542665906250477,0.387884095311165,1.22746497392654,0.222305044531822,2.73674070835114,0.212741017341614,0.183008201420307,2.63607609272003,0.0347687089815736,5.21244668960571,0.2289799451828,-0.0331416670233011,-0.0148561694659293,-0.0189644647762179,-0.049933884292841,0.0309097059071064,-0.0459274407476187,3.28405117988586,0.731754988431931,0.104074575006962,6.64707374572754,7.07412195205688,0.232
"Data_SDY420_CyTOF-1","Data/SDY420/ResultFiles/CyTOF_result/11-0491-1_cells_found.573697.fcs","cluster9","CD19-|CD20-|CD56+|IGD-|TCRGD-","11-0491-1_cells_found.573697.fcs",314687,40,0.00389569555409253,-0.0450442396104336,0.00219844793900847,0.417677134275436,-0.0376614220440388,0.588530659675598,1.56690716743469,0.163490206003189,3.74734783172607,0.416867941617966,0.0413092114031315,1.65345966815948,0.575858891010284,2.32323575019836,0.0866373628377914,-0.0164538063108921,0.473846077919006,-0.00640170089900494,-0.025164783000946,1.30370223522186,-0.0314994566142559,2.28654527664185,0.620357394218445,-0.0246521215885878,5.20522594451904,5.75733470916748,0.049
"Data_SDY420_CyTOF-1","Data/SDY420/ResultFiles/CyTOF_result/11-0059_cells_found.573523.fcs","cluster10","CD14-|CD16-|CD20-|CD33-|HLADR-|IGD-","11-0059_cells_found.573523.fcs",552149,38,-0.0105373803526163,-0.0323568806052208,2.34555077552795,0.44019803404808,-0.0427199862897396,-0.0327396094799042,-0.0306740030646324,3.35749959945679,0.706145226955414,2.9100329875946,-0.0313078314065933,-0.0452160201966763,1.46147298812866,1.45007693767548,0.11503928899765,1.1267546415329,0.222879558801651,1.64310705661774,-0.00675755040720105,-0.0385409370064735,-0.0546614900231361,-0.0453268960118294,0.109576031565666,-0.0125393662601709,6.19115686416626,6.64922857284546,0.439
"Data_SDY420_CyTOF-1","Data/SDY420/ResultFiles/CyTOF_result/11-0445_cells_found.573686.fcs","cluster10","CD14-|CD16-|CD20-|CD33-|HLADR-|IGD-","11-0445_cells_found.573686.fcs",556360.5,38,-0.0115538947284222,-0.0310141639783978,2.39081716537476,0.37300880253315,-0.0384642872959375,-0.0287439599633217,-0.0262491069734097,4.08059525489807,1.30806386470795,2.97729229927063,-0.0323292855173349,-0.0190202379599214,1.88521981239319,3.38772916793823,-0.0200231457129121,0.346628502011299,0.182032637298107,0.922268867492676,-0.0223326189443469,-0.0421851146966219,-0.0529992189258337,-0.0253745289519429,0.100478105247021,0.121895585209131,6.34760594367981,6.838618516922,0.384
"Data_SDY420_CyTOF-1","Data/SDY420/ResultFiles/CyTOF_result/11-0462_cells_found.573690.fcs","cluster10","CD14-|CD16-|CD20-|CD33-|HLADR-|IGD-","11-0462_cells_found.573690.fcs",630361,38,-0.0227026119828224,-0.0413107387721539,2.12411522865295,0.146687880158424,-0.0436387211084366,-0.0266989655792713,-0.0411464348435402,3.5228431224823,0.974085509777069,2.23787379264832,-0.0231845490634441,-0.0264215655624866,1.2108291387558,2.13094854354858,-0.0218482222408056,0.359778791666031,0.0254426635801792,1.01841270923615,-0.0274649504572153,-0.046455405652523,-0.0551643893122673,-0.018625607714057,-0.00143989152275026,-0.00963288638740778,6.26185369491577,6.73246192932129,0.451
"Data_SDY420_CyTOF-1","Data/SDY420/ResultFiles/CyTOF_result/11-0491-1_cells_found.573697.fcs","cluster10","CD14-|CD16-|CD20-|CD33-|HLADR-|IGD-","11-0491-1_cells_found.573697.fcs",495923,33,0.0441892892122269,-0.0405562184751034,1.7208057641983,0.340516209602356,-0.040539737790823,0.0878350585699081,-0.0369164161384106,2.00292563438416,1.29825282096863,2.74209117889404,-0.011403420008719,-0.0123802218586206,2.12555599212646,1.61948490142822,0.0935639441013336,-0.0136410109698772,-0.00673974538221955,0.179517060518265,-0.0445355512201786,-0.0258083716034889,-0.0479695051908493,-0.0493278615176678,-0.000209835823625326,-0.041814386844635,5.08127498626709,5.64244270324707,0.519
"Data_SDY420_CyTOF-1","Data/SDY420/ResultFiles/CyTOF_result/11-0059_cells_found.573523.fcs","cluster11","CCR7-|CD127-|CD16-|CD161-|CD19-|CD20-|CD24-|CD25-|CD27-|CD28-|CD33-|CD4-|CD8-|IGD-|TCRGD-","11-0059_cells_found.573523.fcs",645022,18,-0.00695986021310091,-0.0591036416590214,-0.0312716504558921,-0.00820895470678806,-0.061127794906497,-0.0232704589143395,-0.0240414664149284,-0.00783637026324868,0.296296298503876,-0.000658846896840259,-0.0476308465003967,-0.0532658491283655,-0.0441567879170179,1.20824778079987,-0.0215101921930909,-0.0514371711760759,-0.0371181275695562,-0.0149242235347629,-0.0613250993192196,-0.0484186764806509,-0.0630973521620035,-0.0438154619187117,-0.00799197913147509,-0.0399456955492496,3.71543455123901,4.21362829208374,0.086
"Data_SDY420_CyTOF-1","Data/SDY420/ResultFiles/CyTOF_result/11-0445_cells_found.573686.fcs","cluster11","CCR7-|CD127-|CD16-|CD161-|CD19-|CD20-|CD24-|CD25-|CD27-|CD28-|CD33-|CD4-|CD8-|IGD-|TCRGD-","11-0445_cells_found.573686.fcs",600978,24,-0.00531904539093375,-0.0593299940228462,-0.0456530209630728,-0.0594693701714277,-0.0587805937975645,-0.0339127983897924,-0.0372799411416054,-0.0205199522897601,0.401179403066635,-0.0378632713109255,-0.0437681321054697,-0.0055868555791676,-0.0446686316281557,0.998567998409271,-0.0456400793045759,-0.0499786976724863,-0.0312853017821908,-0.0488746669143438,-0.0581163801252842,-0.0492278207093477,-0.0657075345516205,-0.0201301425695419,0.149903185665607,-0.0557868927717209,4.68604063987732,5.42295527458191,0.084
"Data_SDY420_CyTOF-1","Data/SDY420/ResultFiles/CyTOF_result/11-0462_cells_found.573690.fcs","cluster11","CCR7-|CD127-|CD16-|CD161-|CD19-|CD20-|CD24-|CD25-|CD27-|CD28-|CD33-|CD4-|CD8-|IGD-|TCRGD-","11-0462_cells_found.573690.fcs",659032,36,-0.00398850254714489,-0.0571889691054821,-0.0109536331146955,-0.044647928327322,-0.0487612001597881,0.58311516046524,-0.0238808207213879,-0.0102074276655912,1.57161056995392,-0.00970059726387262,0.161317229270935,-0.00906268041580915,-0.0369962006807327,1.85958480834961,-0.0308153741061687,-0.0550562962889671,-0.00873980484902859,-0.0322667621076107,-0.0508843809366226,-0.0515364669263363,-0.0522801354527473,0.194518908858299,0.618116736412048,-0.0165568049997091,6.55821943283081,7.03292942047119,0.233
"Data_SDY420_CyTOF-1","Data/SDY420/ResultFiles/CyTOF_result/11-0491-1_cells_found.573697.fcs","cluster11","CCR7-|CD127-|CD16-|CD161-|CD19-|CD20-|CD24-|CD25-|CD27-|CD28-|CD33-|CD4-|CD8-|IGD-|TCRGD-","11-0491-1_cells_found.573697.fcs",475176.5,16.5,0.212714731693268,-0.0658445581793785,-0.0405717957764864,-0.0274208206683397,-0.0514298677444458,-0.0324365384876728,-0.0584961026906967,-0.0153630021959543,0.0767330154776573,-0.0156364738941193,-0.0458545349538326,-0.034155435860157,-0.00806784722954035,-0.017788321711123,-0.0269229421392083,-0.06178929656744,-0.0205866191536188,-0.0455205421894789,-0.0696648769080639,-0.0467744320631027,-0.0646647550165653,-0.0514727532863617,-0.0184711329638958,-0.0612771306186914,3.4303377866745,3.7166610956192,0.08
"Data_SDY420_CyTOF-1","Data/SDY420/ResultFiles/CyTOF_result/11-0059_cells_found.573523.fcs","cluster12","CD14-|CD16-|CD20-|CD33-|CD56-|CD8-|CD85J-|CD94-|HLADR-|IGD-","11-0059_cells_found.573523.fcs",553232,36,-0.0130318822339177,-0.0302746389061213,2.77665424346924,0.309500902891159,-0.0445000194013119,-0.0373377576470375,-0.0339460261166096,3.28233790397644,0.611316859722137,2.76064944267273,-0.0337594375014305,-0.0503028966486454,1.41684293746948,1.32642543315887,0.0981976836919785,1.02532064914703,0.180587247014046,1.65368807315826,-0.0027387363370508,-0.0446436852216721,-0.0546019822359085,-0.0504988208413124,0.0407513603568077,-0.013099635951221,6.16474437713623,6.63763618469238,0.333
"Data_SDY420_CyTOF-1","Data/SDY420/ResultFiles/CyTOF_result/11-0445_cells_found.573686.fcs","cluster12","CD14-|CD16-|CD20-|CD33-|CD56-|CD8-|CD85J-|CD94-|HLADR-|IGD-","11-0445_cells_found.573686.fcs",563320,36,-0.0146788316778839,-0.0317749138921499,3.07479381561279,0.247907511889935,-0.0410063862800598,-0.0465203989297152,-0.0379277039319277,4.08059525489807,1.29375892877579,3.78621399402618,-0.0264503946527839,-0.0444167591631413,2.66282391548157,2.57680547237396,-0.0279057668522,0.520822256803513,0.204992301762104,1.3715905547142,-0.0104070459492505,-0.0544743444770575,-0.0574549715965986,-0.0445863753557205,-0.00410074007231742,0.16781359910965,6.25011777877808,6.76175808906555,0.276
"Data_SDY420_CyTOF-1","Data/SDY420/ResultFiles/CyTOF_result/11-0462_cells_found.573690.fcs","cluster12","CD14-|CD16-|CD20-|CD33-|CD56-|CD8-|CD85J-|CD94-|HLADR-|IGD-","11-0462_cells_found.573690.fcs",638602,37,-0.0305835399776697,-0.0360373854637146,2.91482543945312,0.158556431531906,-0.0407036542892456,-0.0323934741318226,-0.0462006814777851,3.73781108856201,0.954298734664917,2.9154269695282,-0.0285250283777714,-0.0424875020980835,1.73466265201569,1.56569862365723,-0.0364019945263863,0.814892649650574,0.139874637126923,1.51015841960907,-0.014088923111558,-0.0521190501749516,-0.0567087717354298,-0.0341060422360897,-0.0169678740203381,-0.00701465923339128,6.16975975036621,6.6781530380249,0.345
"Data_SDY420_CyTOF-1","Data/SDY420/ResultFiles/CyTOF_result/11-0491-1_cells_found.573697.fcs","cluster12","CD14-|CD16-|CD20-|CD33-|CD56-|CD8-|CD85J-|CD94-|HLADR-|IGD-","11-0491-1_cells_found.573697.fcs",552472,32,0.0325104221701622,-0.0451189242303371,2.14229917526245,0.0425436347723007,-0.0444383323192596,-0.0167484432458878,-0.0497178845107555,1.8725723028183,1.46983432769775,3.13091778755188,-0.0128327123820782,-0.0360862761735916,2.51217103004456,1.22790598869324,0.00707286363467574,-0.00683056609705091,-0.0121604017913342,0.241377323865891,-0.0445027463138103,-0.0422132275998592,-0.0536518022418022,-0.0598163641989231,-0.00987088680267334,-0.038776371628046,4.94725322723389,5.52712917327881,0.363
"Data_SDY420_CyTOF-1","Data/SDY420/ResultFiles/CyTOF_result/11-0059_cells_found.573523.fcs","cluster13","CD14-|CD20-|CD33-|IGD-","11-0059_cells_found.573523.fcs",582295.5,39,-0.00805753516033292,-0.0341144017875195,1.21854293346405,0.505182802677155,-0.0458461921662092,-0.0221781525760889,-0.00254285545088351,3.11488461494446,0.991143971681595,2.31625020503998,-0.0278561552986503,-0.0305105773732066,1.01664227247238,1.86244028806686,0.181506380438805,0.538614839315414,0.219341672956944,1.20201396942139,-0.0145278316922486,-0.0265548946335912,-0.0547040831297636,-0.0241189189255238,0.203939773142338,-0.00533256027847528,6.24421358108521,6.70072031021118,0.586
"Data_SDY420_CyTOF-1","Data/SDY420/ResultFiles/CyTOF_result/11-0445_cells_found.573686.fcs","cluster13","CD14-|CD20-|CD33-|IGD-","11-0445_cells_found.573686.fcs",548652,40,-0.00801372062414885,-0.0372087247669697,0.5457484126091,0.408678323030472,-0.0440210662782192,0.0578469075262547,0.127008005976677,3.27513885498047,1.97323501110077,0.889359712600708,-0.0251331478357315,0.147271052002907,0.684366166591644,4.25043821334839,-0.0031799110583961,0.0159024242311716,0.167360678315163,0.188203155994415,-0.0285598021000624,-0.0290489792823792,-0.052123948931694,0.230161473155022,0.298252910375595,0.0593478009104729,6.45433759689331,6.89315605163574,0.579
"Data_SDY420_CyTOF-1","Data/SDY420/ResultFiles/CyTOF_result/11-0462_cells_found.573690.fcs","cluster13","CD14-|CD20-|CD33-|IGD-","11-0462_cells_found.573690.fcs",615399,39,-0.0138209136202931,-0.0443212389945984,0.88237327337265,0.145933538675308,-0.0471316911280155,-0.00982769578695297,-0.0169185716658831,2.22452712059021,1.24804770946503,0.853082716464996,-0.0200397819280624,-0.00771178212016821,0.589987576007843,2.90941190719604,-0.0026357383467257,0.0392032973468304,-0.00140605249907821,0.324043691158295,-0.0320804119110107,-0.0378365702927113,-0.0522801354527473,0.08452358096838,0.170057371258736,-0.00315139908343554,6.38039398193359,6.83891630172729,0.615
"Data_SDY420_CyTOF-1","Data/SDY420/ResultFiles/CyTOF_result/11-0491-1_cells_found.573697.fcs","cluster13","CD14-|CD20-|CD33-|IGD-","11-0491-1_cells_found.573697.fcs",489026,33,0.0959154665470123,-0.0417763255536556,1.57688510417938,0.340516209602356,-0.0398500375449657,0.1375422924757,-0.0272008031606674,1.96666550636292,1.43278026580811,2.41951155662537,-0.011403420008719,-0.00975723005831242,1.99551892280579,1.70957601070404,0.130054444074631,-0.01536650583148,0.0736168548464775,0.147143393754959,-0.0445355512201786,-0.0203844122588634,-0.0429499484598637,-0.044532086700201,0.123698316514492,-0.0391378700733185,5.09322738647461,5.64391994476318,0.597
"Data_SDY420_CyTOF-1","Data/SDY420/ResultFiles/CyTOF_result/11-0059_cells_found.573523.fcs","cluster14","CD14-|CD16-|CD20-|CD33-|IGD-|TCRGD-","11-0059_cells_found.573523.fcs",544251.5,38,-0.0100638130679727,-0.0331811159849167,2.33929669857025,0.463768720626831,-0.0428720805794001,-0.0307383192703128,-0.0287858992815018,3.32163667678833,0.75712639093399,2.89001572132111,-0.0310012921690941,-0.0488519240170717,1.44092428684235,1.4859282374382,0.126582682132721,0.964340567588806,0.232641786336899,1.62922155857086,-0.00686957640573382,-0.0406341422349215,-0.0608964879065752,-0.0442991256713867,0.140983887016773,-0.00492680794559419,6.2245728969574,6.68270945549011,0.46
"Data_SDY420_CyTOF-1","Data/SDY420/ResultFiles/CyTOF_result/11-0445_cells_found.573686.fcs","cluster14","CD14-|CD16-|CD20-|CD33-|IGD-|TCRGD-","11-0445_cells_found.573686.fcs",556360.5,38,-0.00895584002137184,-0.0326229780912399,2.48293709754944,0.37300880253315,-0.0379505529999733,-0.0269876262173057,-0.0263789957389235,4.03876352310181,1.34771603345871,2.87589204311371,-0.0329084023833275,-0.0216454528272152,1.87493735551834,3.44092118740082,-0.0204726858064532,0.239897280931473,0.199210599064827,0.920726805925369,-0.0210787216201425,-0.0437663588672876,-0.0558252334594727,-0.0237417640164495,0.137899227440357,0.14539498090744,6.34887909889221,6.84743928909302,0.394
"Data_SDY420_CyTOF-1","Data/SDY420/ResultFiles/CyTOF_result/11-0462_cells_found.573690.fcs","cluster14","CD14-|CD16-|CD20-|CD33-|IGD-|TCRGD-","11-0462_cells_found.573690.fcs",639276.5,38.5,-0.0221920628100634,-0.0417064409703016,2.10443699359894,0.128648199141026,-0.0444976147264242,-0.0197066906839609,-0.0400354135781527,3.18706154823303,1.10075438022614,1.87047570943832,-0.0199995990842581,-0.0288496734574437,1.10385364294052,2.13752460479736,-0.0221195332705975,0.227287396788597,0.075746800750494,0.872079908847809,-0.0283374199643731,-0.0465661026537418,-0.0566472113132477,-0.0162563947960734,0.0895719490945339,0.00740812346339226,6.33270359039307,6.79453802108765,0.482
"Data_SDY420_CyTOF-1","Data/SDY420/ResultFiles/CyTOF_result/11-0491-1_cells_found.573697.fcs","cluster14","CD14-|CD16-|CD20-|CD33-|IGD-|TCRGD-","11-0491-1_cells_found.573697.fcs",533591,33,0.0970125272870064,-0.0392093695700169,1.90234375,0.250405102968216,-0.0394520722329617,0.0549356825649738,-0.0426966063678265,1.94353520870209,1.36727774143219,2.81639528274536,-0.00767323980107903,-0.0174301415681839,2.22413492202759,1.43507742881775,0.105190962553024,-0.00873584765940905,-0.00178957765456289,0.204835221171379,-0.0428188815712929,-0.0322737619280815,-0.0528528690338135,-0.0532340109348297,0.0611815042793751,-0.0395252965390682,5.07020568847656,5.61786460876465,0.495
"Data_SDY420_CyTOF-1","Data/SDY420/ResultFiles/CyTOF_result/11-0059_cells_found.573523.fcs","cluster15","CD14-|CD16-|CD20-|CD33-|CD85J-|CD94-|IGD-","11-0059_cells_found.573523.fcs",583243.5,37,-0.0105791795067489,-0.0331811159849167,2.46427476406097,0.467646643519402,-0.0428720805794001,-0.0326950512826443,-0.0309069817885756,3.41418886184692,0.710085988044739,3.00553607940674,-0.0298427417874336,-0.0517233312129974,1.51866441965103,1.45314025878906,0.109460409730673,1.05711823701859,0.229476697742939,1.72591334581375,-0.0036700734635815,-0.0427748244255781,-0.0594288650900126,-0.0477706510573626,0.114757653325796,-0.00577766541391611,6.21675086021423,6.66962480545044,0.43
"Data_SDY420_CyTOF-1","Data/SDY420/ResultFiles/CyTOF_result/11-0445_cells_found.573686.fcs","cluster15","CD14-|CD16-|CD20-|CD33-|CD85J-|CD94-|IGD-","11-0445_cells_found.573686.fcs",562030.5,37,-0.0121963736601174,-0.0312608415260911,2.96248030662537,0.319592416286469,-0.039011437445879,-0.0379667673259974,-0.0282858163118362,4.04917216300964,1.29687511920929,3.53830099105835,-0.0331346821039915,-0.0316455606371164,2.35792481899261,2.77465724945068,-0.0252193789929152,0.396602138876915,0.1938506513834,1.11326819658279,-0.0112872836180031,-0.0466654077172279,-0.0571914426982403,-0.0360640324652195,0.0990013815462589,0.163924522697926,6.29268908500671,6.79601287841797,0.336
"Data_SDY420_CyTOF-1","Data/SDY420/ResultFiles/CyTOF_result/11-0462_cells_found.573690.fcs","cluster15","CD14-|CD16-|CD20-|CD33-|CD85J-|CD94-|IGD-","11-0462_cells_found.573690.fcs",647324,37,-0.0245865806937218,-0.0370114706456661,2.70799231529236,0.170122414827347,-0.0428008139133453,-0.0323934741318226,-0.0459038019180298,3.7123441696167,0.965102851390839,2.83190822601318,-0.0265319161117077,-0.0396201759576797,1.62323701381683,1.68917119503021,-0.0310376957058907,0.685852289199829,0.125761017203331,1.36877453327179,-0.0153391724452376,-0.0521190501749516,-0.0557371526956558,-0.0298843942582607,-0.00873623788356781,-0.00465103005990386,6.20303964614868,6.69671583175659,0.391
"Data_SDY420_CyTOF-1","Data/SDY420/ResultFiles/CyTOF_result/11-0491-1_cells_found.573697.fcs","cluster15","CD14-|CD16-|CD20-|CD33-|CD85J-|CD94-|IGD-","11-0491-1_cells_found.573697.fcs",533979,32,0.0661696419119835,-0.0405562184751034,2.02961277961731,0.244673609733582,-0.040710773319006,-0.00689689908176661,-0.040133859962225,1.94891393184662,1.33711063861847,2.94097709655762,-0.00764964194968343,-0.0244770143181086,2.30210471153259,1.43507742881775,0.076581135392189,-0.00683056609705091,-0.00528089562430978,0.230367973446846,-0.0445027463138103,-0.0320946648716927,-0.0490461923182011,-0.0532340109348297,-0.00531321251764894,-0.0400289557874203,5.05425882339478,5.60121583938599,0.457
"Data_SDY420_CyTOF-1","Data/SDY420/ResultFiles/CyTOF_result/11-0059_cells_found.573523.fcs","cluster16","CD14-|CD16-|CD161-|CD19-|CD20-|CD33-|CD56-|CD8-|CD85J-|CD94-|HLADR-|IGD-|TCRGD-","11-0059_cells_found.573523.fcs",568226,36,-0.0130318822339177,-0.0365273915231228,2.67865419387817,0.321780323982239,-0.0480553135275841,-0.0361016802489758,-0.0337945781648159,3.27796030044556,0.659474909305573,2.68770360946655,-0.0337594375014305,-0.0541733540594578,1.33095049858093,1.35892570018768,0.0877666100859642,0.862453162670135,0.167366221547127,1.51172852516174,-0.00541018275544047,-0.0522429272532463,-0.0573592744767666,-0.0490685403347015,0.0375183261930943,-0.018312644213438,6.13789319992065,6.62788867950439,0.293
"Data_SDY420_CyTOF-1","Data/SDY420/ResultFiles/CyTOF_result/11-0445_cells_found.573686.fcs","cluster16","CD14-|CD16-|CD161-|CD19-|CD20-|CD33-|CD56-|CD8-|CD85J-|CD94-|HLADR-|IGD-|TCRGD-","11-0445_cells_found.573686.fcs",562740,36,-0.0128986788913608,-0.0365680977702141,3.06082701683044,0.245240300893784,-0.0409458763897419,-0.0460920967161655,-0.0376371704041958,4.06315851211548,1.25712132453918,3.73405933380127,-0.026678528636694,-0.0413418263196945,2.64552044868469,2.55300879478455,-0.0293329320847988,0.464230805635452,0.217490077018738,1.37274169921875,-0.0120415445417166,-0.0568596161901951,-0.0589290931820869,-0.0454987473785877,-0.00498476112261415,0.129311054944992,6.25536823272705,6.76822280883789,0.257
"Data_SDY420_CyTOF-1","Data/SDY420/ResultFiles/CyTOF_result/11-0462_cells_found.573690.fcs","cluster16","CD14-|CD16-|CD161-|CD19-|CD20-|CD33-|CD56-|CD8-|CD85J-|CD94-|HLADR-|IGD-|TCRGD-","11-0462_cells_found.573690.fcs",630361,36,-0.0313278138637543,-0.0401545912027359,2.78520345687866,0.145042434334755,-0.0396595597267151,-0.0330324731767178,-0.0474830307066441,3.6817045211792,0.891489565372467,2.85257792472839,-0.0309629831463099,-0.0421117767691612,1.69739329814911,1.57407164573669,-0.0364019945263863,0.766220331192017,0.125761017203331,1.41959583759308,-0.0145314335823059,-0.0555647611618042,-0.060295145958662,-0.0372417606413364,-0.0187731646001339,-0.0147667387500405,6.13788414001465,6.6585259437561,0.313
"Data_SDY420_CyTOF-1","Data/SDY420/ResultFiles/CyTOF_result/11-0491-1_cells_found.573697.fcs","cluster16","CD14-|CD16-|CD161-|CD19-|CD20-|CD33-|CD56-|CD8-|CD85J-|CD94-|HLADR-|IGD-|TCRGD-","11-0491-1_cells_found.573697.fcs",543171,31,0.128323152661324,-0.0494001545011997,2.16577851772308,0.00526433321647346,-0.0420359950512648,-0.0201045460999012,-0.0534799415618181,1.87269967794418,1.5213263630867,3.1663852930069,-0.013194190338254,-0.0386923234909773,2.54206156730652,1.22755074501038,0.00597094837576151,-0.00548550067469478,-0.0120161212980747,0.23628131300211,-0.0442065373063087,-0.0491611398756504,-0.056031659245491,-0.0607939902693033,-0.0106401420198381,-0.0406991317868233,4.90448522567749,5.47788715362549,0.304
"Data_SDY420_CyTOF-1","Data/SDY420/ResultFiles/CyTOF_result/11-0059_cells_found.573523.fcs","cluster17","CD14-|CD16-|CD161-|CD20-|CD3+|CD33-|CD4+|CD56-|CD8-|CD85J-|CD94-|HLADR-|IGD-|TCRGD-","11-0059_cells_found.573523.fcs",506979.5,39,-0.0133170909248292,-0.0213900916278362,3.13119769096375,0.422697931528091,-0.0379706341773272,-0.0367476809769869,-0.0248331110924482,3.7661429643631,0.844520598649979,3.45730888843536,-0.0216048303991556,-0.0521973595023155,2.15093338489532,1.42109560966492,0.119188260287046,1.52217495441437,0.29166416823864,2.12948226928711,0.116693269461393,-0.0498768165707588,-0.0608964879065752,-0.0505745746195316,0.121247619390488,0.0861301496624947,6.21675086021423,6.68270945549011,0.202
"Data_SDY420_CyTOF-1","Data/SDY420/ResultFiles/CyTOF_result/11-0445_cells_found.573686.fcs","cluster17","CD14-|CD16-|CD161-|CD20-|CD3+|CD33-|CD4+|CD56-|CD8-|CD85J-|CD94-|HLADR-|IGD-|TCRGD-","11-0445_cells_found.573686.fcs",555003,39,-0.0227468721568584,-0.0205864943563938,3.50040721893311,0.473673433065414,-0.0417277812957764,-0.0408619232475758,-0.0374433472752571,4.53026056289673,1.62479424476624,4.22660160064697,0.0317876227200031,-0.0476242639124393,3.28479051589966,3.90760803222656,-0.0140124000608921,0.960773766040802,0.321913480758667,1.81747949123383,0.122475571930408,-0.0564845316112041,-0.0535142607986927,-0.0450400114059448,0.0157844237983227,0.416817009449005,6.34675598144531,6.83928728103638,0.187
"Data_SDY420_CyTOF-1","Data/SDY420/ResultFiles/CyTOF_result/11-0462_cells_found.573690.fcs","cluster17","CD14-|CD16-|CD161-|CD20-|CD3+|CD33-|CD4+|CD56-|CD8-|CD85J-|CD94-|HLADR-|IGD-|TCRGD-","11-0462_cells_found.573690.fcs",611687.5,40,-0.030955676920712,-0.0256952317431569,3.28908944129944,0.32082924246788,-0.035406194627285,-0.0385883711278439,-0.0424771830439568,4.08952903747559,1.28640031814575,3.57144439220428,-0.0169042088091373,-0.0406765006482601,2.39518892765045,2.05084753036499,-0.0249144500121474,1.53389883041382,0.227517686784267,1.97834426164627,0.12485721334815,-0.054921630769968,-0.0588863920420408,-0.0371395945549011,-0.0226336903870106,0.176677480340004,6.32347297668457,6.79188847541809,0.21
"Data_SDY420_CyTOF-1","Data/SDY420/ResultFiles/CyTOF_result/11-0491-1_cells_found.573697.fcs","cluster17","CD14-|CD16-|CD161-|CD20-|CD3+|CD33-|CD4+|CD56-|CD8-|CD85J-|CD94-|HLADR-|IGD-|TCRGD-","11-0491-1_cells_found.573697.fcs",523251,36,0.13019634783268,-0.0369023829698563,2.75209474563599,0.250405102968216,-0.0276238620281219,0.0878350585699081,-0.0526936613023281,2.66430592536926,2.04356336593628,3.6788547039032,0.0569029003381729,-0.0254856683313847,3.10025453567505,2.101229429245,0.170304924249649,0.253557354211807,0.171846121549606,0.502063035964966,-0.0416782610118389,-0.0446295663714409,-0.0523763708770275,-0.0634478181600571,0.112301513552666,-0.0351629257202148,5.17845726013184,5.68580627441406,0.135
"Data_SDY420_CyTOF-1","Data/SDY420/ResultFiles/CyTOF_result/11-0059_cells_found.573523.fcs","cluster18","CD127-|CD161-|CD19-|CD20-|CD27-|CD3-|CD8-|CD85J+|CD94-|IGD-|TCRGD-","11-0059_cells_found.573523.fcs",397374,41,0.145208194851875,-0.0428180359303951,0.773297548294067,0.146686494350433,-0.051678754389286,3.01378679275513,0.197074413299561,0.207611218094826,3.10176014900208,0.321832686662674,1.85513865947723,-0.0480023734271526,-0.00822669453918934,1.93990778923035,0.140024110674858,-0.0267349686473608,4.14760398864746,0.886975467205048,0.116881996393204,-0.0500227622687817,-0.0465630069375038,-0.0115578090772033,3.50728964805603,0.613726556301117,6.73723602294922,7.1116771697998,0.167
"Data_SDY420_CyTOF-1","Data/SDY420/ResultFiles/CyTOF_result/11-0445_cells_found.573686.fcs","cluster18","CD127-|CD161-|CD19-|CD20-|CD27-|CD3-|CD8-|CD85J+|CD94-|IGD-|TCRGD-","11-0445_cells_found.573686.fcs",502673,42,0.0910357758402824,-0.0450621470808983,1.21004021167755,0.00537927262485027,-0.0439610630273819,3.33176517486572,0.434436321258545,0.276527136564255,3.62812829017639,0.332677960395813,2.76368856430054,-0.019791254773736,0.168444335460663,2.27795910835266,-0.0117634795606136,-0.0357808582484722,4.45892953872681,0.999100029468536,0.070164792239666,-0.0419487878680229,-0.0479291640222073,0.266456097364426,4.858238697052,1.02302885055542,6.91282033920288,7.26629877090454,0.253
"Data_SDY420_CyTOF-1","Data/SDY420/ResultFiles/CyTOF_result/11-0462_cells_found.573690.fcs","cluster18","CD127-|CD161-|CD19-|CD20-|CD27-|CD3-|CD8-|CD85J+|CD94-|IGD-|TCRGD-","11-0462_cells_found.573690.fcs",583841,45,0.132346294820309,-0.0515655595809221,0.995996922254562,-0.0194047037512064,-0.0518780630081892,3.0263831615448,0.177610456943512,0.109687838703394,3.31417977809906,0.290611878037453,2.55016648769379,-0.0223371619358659,-0.00550069962628186,2.4158421754837,-0.00178870532545261,-0.0406937245279551,1.57039427757263,0.228423587977886,-0.0449139419943094,-0.044292913749814,-0.0468978695571423,0.420369669795036,3.44420623779297,0.610314875841141,6.93351817131042,7.281986951828,0.224
"Data_SDY420_CyTOF-1","Data/SDY420/ResultFiles/CyTOF_result/11-0491-1_cells_found.573697.fcs","cluster18","CD127-|CD161-|CD19-|CD20-|CD27-|CD3-|CD8-|CD85J+|CD94-|IGD-|TCRGD-","11-0491-1_cells_found.573697.fcs",471782,34,0.293917149305344,-0.0569552518427372,0.598813593387604,-0.0130165377631783,-0.0364299304783344,3.46411681175232,0.327494442462921,0.243689477443695,3.24466323852539,0.300451219081879,2.79639887809753,-0.00174092256929725,0.903894662857056,0.357429027557373,0.186794310808182,-0.0102567225694656,4.40124273300171,1.18063378334045,0.0221184808760881,-0.0366291850805283,-0.0439626984298229,-0.0185062419623137,3.42197966575623,0.405693054199219,5.32724571228027,5.92349004745483,0.147
"Data_SDY420_CyTOF-1","Data/SDY420/ResultFiles/CyTOF_result/11-0059_cells_found.573523.fcs","cluster19","CD20-|CD85J+|CD94-","11-0059_cells_found.573523.fcs",374573,41.5,0.168102398514748,-0.039362695068121,0.918462544679642,0.181021019816399,-0.0498892664909363,3.01706099510193,0.214875608682632,0.3088418841362,3.15126931667328,0.403785511851311,1.8532343506813,-0.0387066695839167,0.104606304317713,2.06773018836975,0.183567635715008,-0.0155060230754316,4.16162014007568,1.01446413993835,0.145819686353207,-0.0388657134026289,-0.0427648685872555,-0.010064578615129,3.59347259998322,0.635690003633499,6.75172305107117,7.13734030723572,0.208
"Data_SDY420_CyTOF-1","Data/SDY420/ResultFiles/CyTOF_result/11-0445_cells_found.573686.fcs","cluster19","CD20-|CD85J+|CD94-","11-0445_cells_found.573686.fcs",528087,46,0.133218348026276,-0.0444333180785179,1.38757264614105,0.148310095071793,-0.0443773828446865,3.30572485923767,0.529673278331757,0.450103044509888,3.65083432197571,0.393071085214615,2.65199851989746,-0.0131354089826345,0.239714071154594,2.398597240448,0.0492724515497684,-0.0240511130541563,4.43789386749268,1.10447096824646,0.0749509409070015,-0.0357313714921474,-0.0427268333733082,0.320969879627228,4.8556809425354,1.09643495082855,6.94656801223755,7.30288982391357,0.349
"Data_SDY420_CyTOF-1","Data/SDY420/ResultFiles/CyTOF_result/11-0462_cells_found.573690.fcs","cluster19","CD20-|CD85J+|CD94-","11-0462_cells_found.573690.fcs",629360,47,0.141994535923004,-0.0399415213614702,1.04606735706329,-0.0109127615578473,-0.046462245285511,3.00129163265228,0.169643580913544,0.198013082146645,3.30735850334167,0.377809479832649,2.51434719562531,-0.0191557463258505,0.0478034522384405,2.4959921836853,-0.000583709916099906,-0.0258709387853742,1.51231133937836,0.303208127617836,-0.0396863576024771,-0.0371669270098209,-0.0387289505451918,0.390628427267075,3.46880674362183,0.67790499329567,6.97125315666199,7.31114482879639,0.288
"Data_SDY420_CyTOF-1","Data/SDY420/ResultFiles/CyTOF_result/11-0491-1_cells_found.573697.fcs","cluster19","CD20-|CD85J+|CD94-","11-0491-1_cells_found.573697.fcs",496004.5,37,0.387194603681564,-0.0477991439402103,0.874813258647919,0.254867345094681,-0.0295248487964272,3.33696353435516,0.304413855075836,0.775375664234161,3.26038718223572,0.527165055274963,2.72688508033752,0.153972610831261,1.14531910419464,0.70555704832077,0.357829853892326,0.0976827554404736,4.39901351928711,1.22987771034241,0.0750229544937611,-0.0104189589619637,-0.0316631142050028,-0.00218924268847331,3.37090086936951,0.341826915740967,5.40148019790649,5.96405577659607,0.332
"Data_SDY420_CyTOF-1","Data/SDY420/ResultFiles/CyTOF_result/11-0059_cells_found.573523.fcs","cluster20","CD14-|CD16-|CD33-|CD56-|CD8-|CD94-|TCRGD-","11-0059_cells_found.573523.fcs",591039,38,-0.00854428904131055,0.115898497402668,1.13087749481201,0.202733300626278,-0.0210046665742993,0.0675348043441772,-0.0279165748506784,2.02770233154297,0.711473286151886,2.18347179889679,-0.0342680085450411,-0.0506438724696636,1.35385066270828,2.11718928813934,0.418393850326538,0.730883151292801,0.126660913228989,0.542654901742935,-0.00158673775149509,-0.0513736251741648,-0.0550026521086693,-0.0443256516009569,0.573375254869461,0.309996068477631,6.2931272983551,6.77549505233765,0.538
"Data_SDY420_CyTOF-1","Data/SDY420/ResultFiles/CyTOF_result/11-0445_cells_found.573686.fcs","cluster20","CD14-|CD16-|CD33-|CD56-|CD8-|CD94-|TCRGD-","11-0445_cells_found.573686.fcs",563320,38,-0.0149776800535619,-0.016599805559963,2.91541981697083,0.219613656401634,-0.0329142231494188,-0.0285515803843737,-0.0379277039319277,3.81749045848846,1.40312832593918,3.10231184959412,-0.0323555674403906,-0.0404266659170389,2.35792481899261,3.35761535167694,-0.0123377181589603,0.516602575778961,0.199210599064827,0.980550974607468,-0.0112872836180031,-0.0544743444770575,-0.0572250206023455,-0.0382508486509323,0.173085875809193,0.303194403648376,6.32613563537598,6.83067679405212,0.346
"Data_SDY420_CyTOF-1","Data/SDY420/ResultFiles/CyTOF_result/11-0462_cells_found.573690.fcs","cluster20","CD14-|CD16-|CD33-|CD56-|CD8-|CD94-|TCRGD-","11-0462_cells_found.573690.fcs",629513.5,39,-0.0302099557593465,-0.016669656150043,2.16334497928619,0.0889751575887203,-0.0272571835666895,-0.00217660272028297,-0.0449497029185295,2.84436655044556,1.18147534132004,2.25730097293854,-0.0214671893045306,-0.0427688229829073,1.66438925266266,2.14475095272064,-0.01191052980721,0.508409917354584,0.0999917015433311,0.842747062444687,-0.0132488375529647,-0.0510962400585413,-0.0539230164140463,-0.0324786975979805,0.17232122272253,0.116642277687788,6.3011908531189,6.78955841064453,0.47
"Data_SDY420_CyTOF-1","Data/SDY420/ResultFiles/CyTOF_result/11-0491-1_cells_found.573697.fcs","cluster20","CD14-|CD16-|CD33-|CD56-|CD8-|CD94-|TCRGD-","11-0491-1_cells_found.573697.fcs",559830,32,0.137129120528698,-0.0386414658278227,2.02655625343323,-0.00219100143294781,-0.0308887371793389,0.0801030807197094,-0.0459548607468605,1.73971396684647,1.66648238897324,2.78217148780823,-0.0108844428323209,-0.0314909517765045,2.38164973258972,1.45630341768265,0.198808506131172,0.0649459380656481,-0.000856775586726144,0.19624986499548,-0.0424521341919899,-0.0393949709832668,-0.0538879986852407,-0.0532017052173615,0.163770101964474,-0.0282159056514502,4.99914526939392,5.55840349197388,0.448
"Data_SDY420_CyTOF-1","Data/SDY420/ResultFiles/CyTOF_result/11-0059_cells_found.573523.fcs","cluster21","CD20+|HLADR+|TCRGD-","11-0059_cells_found.573523.fcs",632957,42,-0.00423032371327281,1.29271954298019,0.0199199938215315,0.0692497156560421,1.60120725631714,1.6268504858017,-0.0167779549956322,0.0854115039110184,1.22867131233215,1.71694785356522,-0.0249033197760582,-0.0411531273275614,1.51113486289978,5.45529580116272,5.08322501182556,0.665528416633606,-0.00789603311568499,-0.0327752381563187,0.170426271855831,-0.054943511262536,-0.0534786898642778,-0.0277655133977532,4.29852080345154,1.10142201185226,6.56353187561035,6.99810457229614,0.2
"Data_SDY420_CyTOF-1","Data/SDY420/ResultFiles/CyTOF_result/11-0445_cells_found.573686.fcs","cluster21","CD20+|HLADR+|TCRGD-","11-0445_cells_found.573686.fcs",587104,48,-0.018262529745698,2.18031024932861,0.128338724374771,0.00861784256994724,3.65940809249878,1.64637005329132,-0.00156268221326172,0.0950726866722107,2.71323084831238,0.401020646095276,-0.0200246497988701,-0.0385167561471462,1.88039743900299,6.0120964050293,5.67509794235229,0.912685036659241,0.114639312028885,-0.0232965368777514,-0.0228533409535885,-0.0451590493321419,-0.0454272590577602,0.0811090394854546,5.63073205947876,1.35308289527893,6.67140913009644,7.14331769943237,0.061
"Data_SDY420_CyTOF-1","Data/SDY420/ResultFiles/CyTOF_result/11-0462_cells_found.573690.fcs","cluster21","CD20+|HLADR+|TCRGD-","11-0462_cells_found.573690.fcs",476474,50,-0.0208409307524562,2.14064371585846,0.14748653024435,-0.00570806488394737,2.79537165164948,2.05781638622284,-0.0234117358922958,0.133948713541031,2.42686259746552,0.511749669909477,-0.0108942282386124,-0.0382623802870512,1.88006830215454,5.80660486221313,4.92473006248474,0.447996243834496,-0.00422932719811797,-0.0308078033849597,0.154062926769257,-0.051484938710928,-0.0473439767956734,-0.0343552883714437,3.63501501083374,0.619900465011597,6.71992087364197,7.10432529449463,0.08
"Data_SDY420_CyTOF-1","Data/SDY420/ResultFiles/CyTOF_result/11-0491-1_cells_found.573697.fcs","cluster21","CD20+|HLADR+|TCRGD-","11-0491-1_cells_found.573697.fcs",487093,38,0.227365210652351,0.39888060092926,-0.00191940134391189,-0.0266915522515774,1.43782246112823,1.89215624332428,-0.0104383695870638,0.209932312369347,2.52555775642395,0.335032790899277,0.137220606207848,0.246168985962868,2.01992774009705,3.26712083816528,5.65321254730225,0.551145732402802,0.0957866087555885,-0.0309505630284548,0.0962520837783813,-0.0056331604719162,-0.0490521416068077,0.0210057962685823,4.23472833633423,0.730895459651947,5.31141948699951,5.76231050491333,0.075
"Data_SDY420_CyTOF-1","Data/SDY420/ResultFiles/CyTOF_result/11-0059_cells_found.573523.fcs","cluster22","CD127-|CD161-|CD19-|CD20-|CD27-|CD3-|CD8-|CD94-|HLADR+|IGD-|TCRGD-","11-0059_cells_found.573523.fcs",370964.5,40.5,0.164011113345623,-0.0428769327700138,0.904147386550903,0.155414320528507,-0.0503882691264153,3.05719804763794,0.206956796348095,0.257189333438873,3.16266322135925,0.322788134217262,1.7806351184845,-0.051096323877573,-0.0066721064504236,1.97049218416214,0.144317165017128,-0.0261610457673669,4.12660050392151,0.902416467666626,0.0529162548482418,-0.0448844972997904,-0.0424381289631128,-0.00177508039632812,3.86433696746826,0.766812324523926,6.7251091003418,7.11064767837524,0.144
"Data_SDY420_CyTOF-1","Data/SDY420/ResultFiles/CyTOF_result/11-0445_cells_found.573686.fcs","cluster22","CD127-|CD161-|CD19-|CD20-|CD27-|CD3-|CD8-|CD94-|HLADR+|IGD-|TCRGD-","11-0445_cells_found.573686.fcs",425571,42,0.0910357758402824,-0.0450621470808983,1.23733687400818,0.00943313166499138,-0.0428689569234848,3.36141729354858,0.416498154401779,0.270743310451508,3.62978410720825,0.317760288715363,2.71286678314209,-0.0207081902772188,0.168984666466713,2.27795910835266,-0.00795510224997997,-0.0357808582484722,4.46200752258301,0.971829533576965,0.0754457339644432,-0.0414908714592457,-0.0444930456578732,0.248807638883591,4.92995500564575,1.06755363941193,6.93008041381836,7.27442455291748,0.249
"Data_SDY420_CyTOF-1","Data/SDY420/ResultFiles/CyTOF_result/11-0462_cells_found.573690.fcs","cluster22","CD127-|CD161-|CD19-|CD20-|CD27-|CD3-|CD8-|CD94-|HLADR+|IGD-|TCRGD-","11-0462_cells_found.573690.fcs",514018.5,46,0.0771937780082226,-0.0512877460569143,1.00458300113678,-0.0164209892973304,-0.0527716837823391,3.01138257980347,0.171458758413792,0.153515219688416,3.33916997909546,0.320999994874001,2.47281992435455,-0.0204928023740649,-0.00642230967059731,2.43730783462524,-0.0051625776104629,-0.0423430595546961,1.55218058824539,0.2004324644804,-0.0542750917375088,-0.0471811108291149,-0.044233001768589,0.381734371185303,3.62276411056519,0.723204076290131,6.91646504402161,7.27046585083008,0.206
"Data_SDY420_CyTOF-1","Data/SDY420/ResultFiles/CyTOF_result/11-0491-1_cells_found.573697.fcs","cluster22","CD127-|CD161-|CD19-|CD20-|CD27-|CD3-|CD8-|CD94-|HLADR+|IGD-|TCRGD-","11-0491-1_cells_found.573697.fcs",404010,34,0.289031744003296,-0.0619018711149693,0.621093451976776,-0.000789807643741369,-0.0324554182589054,3.48116946220398,0.363484501838684,0.259341031312943,3.26965498924255,0.288091033697128,2.7245717048645,0.0369708389043808,0.936402559280396,0.357429027557373,0.221202000975609,-0.00479712476953864,4.42110013961792,1.18063378334045,0.0546778179705143,-0.0307011418044567,-0.041525200009346,-0.0118136657401919,3.57819986343384,0.577495992183685,5.32301330566406,5.93451976776123,0.133
"Data_SDY420_CyTOF-1","Data/SDY420/ResultFiles/CyTOF_result/11-0059_cells_found.573523.fcs","cluster23","CD127-|CD14+|CD161-|CD19-|CD20-|CD27-|CD3-|CD38+|CD8-|CD85J+|CD94-|IGD-|TCRGD-","11-0059_cells_found.573523.fcs",438565,41,0.0690870210528374,-0.0435734391212463,1.02657783031464,0.146686494350433,-0.0541039817035198,3.08283996582031,0.1586052775383,0.260469973087311,3.26685953140259,0.403290838003159,2.32118558883667,-0.0317864343523979,0.14546811580658,1.86117279529572,0.184159189462662,-0.0255215596407652,4.28862380981445,1.15895867347717,0.176149547100067,-0.0500227622687817,-0.0325449369847775,-0.0193604696542025,3.15248012542725,0.448973894119263,6.77615928649902,7.1418890953064,0.095
"Data_SDY420_CyTOF-1","Data/SDY420/ResultFiles/CyTOF_result/11-0445_cells_found.573686.fcs","cluster23","CD127-|CD14+|CD161-|CD19-|CD20-|CD27-|CD3-|CD38+|CD8-|CD85J+|CD94-|IGD-|TCRGD-","11-0445_cells_found.573686.fcs",488900.5,42,0.0422462914139032,-0.0473689846694469,1.27868223190308,0.0767456032335758,-0.0427574031054974,3.28705704212189,0.358234167098999,0.291966259479523,3.76441049575806,0.376091971993446,3.05223512649536,-0.0144161516800523,0.220569036900997,2.0732513666153,-0.0161020741797984,-0.0356629863381386,4.56670522689819,1.15341776609421,0.130561783909798,-0.0412321072071791,-0.046936659142375,0.247830770909786,4.72886872291565,0.947929233312607,6.93617582321167,7.2779107093811,0.192
"Data_SDY420_CyTOF-1","Data/SDY420/ResultFiles/CyTOF_result/11-0462_cells_found.573690.fcs","cluster23","CD127-|CD14+|CD161-|CD19-|CD20-|CD27-|CD3-|CD38+|CD8-|CD85J+|CD94-|IGD-|TCRGD-","11-0462_cells_found.573690.fcs",646153.5,45.5,0.138340093195438,-0.0419286713004112,0.999684721231461,-0.0194047037512064,-0.048546239733696,3.06129086017609,0.118583738803864,0.0906411781907082,3.43859851360321,0.373335897922516,2.70995342731476,-0.00898208515718579,-0.00499681942164898,2.23126196861267,-0.0124974646605551,-0.0435588769614697,1.71665817499161,0.292807161808014,-0.0406642314046621,-0.044292913749814,-0.037744203582406,0.448781296610832,3.32102930545807,0.520603269338608,6.95749282836914,7.29120922088623,0.174
"Data_SDY420_CyTOF-1","Data/SDY420/ResultFiles/CyTOF_result/11-0491-1_cells_found.573697.fcs","cluster23","CD127-|CD14+|CD161-|CD19-|CD20-|CD27-|CD3-|CD38+|CD8-|CD85J+|CD94-|IGD-|TCRGD-","11-0491-1_cells_found.573697.fcs",375705,34,0.375402837991714,-0.0619018711149693,0.621093451976776,0.00345977814868093,-0.0364299304783344,3.47425699234009,0.243800282478333,0.427828222513199,3.47121500968933,0.350177496671677,3.20087289810181,0.0296864621341228,0.91626363992691,0.243640750646591,0.195845618844032,-0.00270259915851057,4.65140008926392,1.41574513912201,0.090029776096344,-0.0366291850805283,-0.0327885411679745,-0.00914529990404844,3.40597867965698,0.405693054199219,5.3684983253479,5.9487566947937,0.105
"Data_SDY420_CyTOF-1","Data/SDY420/ResultFiles/CyTOF_result/11-0059_cells_found.573523.fcs","cluster24","CCR7-|CD127-|CD14-|CD19-|CD20-|CD24-|CD25-|CD27-|CD28-|CD3-|CD33-|CD4-|CD56+|HLADR-|IGD-|TCRGD-","11-0059_cells_found.573523.fcs",610443,40,-0.000476961286040023,-0.0605046525597572,-0.0320178456604481,0.690071582794189,-0.0586646161973476,0.195301875472069,3.00006866455078,0.375732421875,4.04172897338867,0.430000215768814,-0.0108635937795043,1.63490855693817,-0.00267857499420643,5.41560363769531,0.409175962209702,-0.0455490574240685,-0.0103202229365706,-0.0182610843330622,-0.0400499999523163,0.58525025844574,-0.0492682307958603,2.7316153049469,0.609806180000305,-0.0321093685925007,6.27594900131226,6.75263118743896,0.073
"Data_SDY420_CyTOF-1","Data/SDY420/ResultFiles/CyTOF_result/11-0445_cells_found.573686.fcs","cluster24","CCR7-|CD127-|CD14-|CD19-|CD20-|CD24-|CD25-|CD27-|CD28-|CD3-|CD33-|CD4-|CD56+|HLADR-|IGD-|TCRGD-","11-0445_cells_found.573686.fcs",531566,40,-0.00571392755955458,-0.0611404869705439,-0.0388216953724623,0.4315135627985,-0.0704899057745934,0.538144171237946,2.63352370262146,0.247383192181587,3.5820232629776,0.222577586770058,-0.0204485533758998,2.24808621406555,-0.0241881357505918,4.96592450141907,0.139264620840549,-0.0544681735336781,-0.015284810680896,-0.057347921654582,-0.0506972335278988,0.227100640535355,-0.0500949434936047,2.93880724906921,0.568741112947464,-0.0368933230638504,6.51386117935181,6.92307376861572,0.126
"Data_SDY420_CyTOF-1","Data/SDY420/ResultFiles/CyTOF_result/11-0462_cells_found.573690.fcs","cluster24","CCR7-|CD127-|CD14-|CD19-|CD20-|CD24-|CD25-|CD27-|CD28-|CD3-|CD33-|CD4-|CD56+|HLADR-|IGD-|TCRGD-","11-0462_cells_found.573690.fcs",668200.5,41,-0.00240301585290581,-0.0585314799100161,-0.0556651465594769,-0.0143487872555852,-0.0627154521644115,-0.0032710749655962,1.77874034643173,0.103275325149298,2.29452168941498,0.0347675457596779,-0.0227625053375959,3.60654163360596,0.00156452336523216,5.67260527610779,0.277626246213913,-0.0591793470084667,-0.056657899171114,-0.0567224230617285,-0.0583170745521784,0.0684412159025669,-0.0510029159486294,3.40950739383698,0.293600142002106,-0.0304707195609808,6.44354772567749,6.86988949775696,0.124
"Data_SDY420_CyTOF-1","Data/SDY420/ResultFiles/CyTOF_result/11-0491-1_cells_found.573697.fcs","cluster24","CCR7-|CD127-|CD14-|CD19-|CD20-|CD24-|CD25-|CD27-|CD28-|CD3-|CD33-|CD4-|CD56+|HLADR-|IGD-|TCRGD-","11-0491-1_cells_found.573697.fcs",601558,34,-0.00111841654870659,-0.0311788506805897,-0.0448841340839863,0.177358403801918,-0.0421660207211971,0.406653016805649,1.7870671749115,-0.00362489791586995,3.87493276596069,0.276499003171921,-0.0457675866782665,1.94143211841583,0.146144405007362,2.66877102851868,-0.00804950203746557,-0.0321756787598133,0.196340560913086,-0.00874715950340033,-0.0762624517083168,1.60216808319092,-0.0397176407277584,2.28654527664185,0.126506447792053,-0.0499382130801678,5.01645994186401,5.47492694854736,0.021
"Data_SDY420_CyTOF-1","Data/SDY420/ResultFiles/CyTOF_result/11-0059_cells_found.573523.fcs","cluster25","CCR7-|CD127-|CD14-|CD19-|CD20-|CD24-|CD25-|CD27-|CD28-|CD3-|CD33-|CD4-|HLADR-|IGD-|TCRGD-","11-0059_cells_found.573523.fcs",610829,33,-0.00934965535998344,-0.0600470416247845,-0.0320129357278347,0.314964115619659,-0.0618005767464638,-0.00668000942096114,1.00505006313324,0.185161992907524,2.49663686752319,0.170505404472351,-0.0386430770158768,0.144103422760963,-0.0333987586200237,3.92133021354675,0.201536118984222,-0.0487548746168613,-0.0325055867433548,-0.0191528853029013,-0.0518692918121815,-0.00612505106255412,-0.0599275790154934,1.39160430431366,0.224225968122482,-0.0328786633908749,6.10759305953979,6.56301593780518,0.149
"Data_SDY420_CyTOF-1","Data/SDY420/ResultFiles/CyTOF_result/11-0445_cells_found.573686.fcs","cluster25","CCR7-|CD127-|CD14-|CD19-|CD20-|CD24-|CD25-|CD27-|CD28-|CD3-|CD33-|CD4-|HLADR-|IGD-|TCRGD-","11-0445_cells_found.573686.fcs",562610.5,36,-0.00950277177616954,-0.0533291362226009,-0.04311821796,0.0651996331289411,-0.0622150432318449,0.268407091498375,1.89003652334213,0.151242651045322,3.06551456451416,0.134103119373322,-0.0337268188595772,1.28450947999954,-0.0339639279991388,4.54012179374695,-0.0105170607566833,-0.0551032349467278,-0.0215686969459057,-0.0550203397870064,-0.0541664976626635,-0.00584162562154233,-0.0598618164658546,2.53786075115204,0.396121263504028,-0.0482111014425755,6.39524745941162,6.84021043777466,0.19
"Data_SDY420_CyTOF-1","Data/SDY420/ResultFiles/CyTOF_result/11-0462_cells_found.573690.fcs","cluster25","CCR7-|CD127-|CD14-|CD19-|CD20-|CD24-|CD25-|CD27-|CD28-|CD3-|CD33-|CD4-|HLADR-|IGD-|TCRGD-","11-0462_cells_found.573690.fcs",649268,36,-0.0063979453407228,-0.0566268619149923,-0.0480036661028862,-0.0386690013110638,-0.0549316368997097,-0.00888508558273315,0.393136888742447,-0.00786943128332496,1.22771561145782,-0.0202009873464704,-0.0345992017537355,1.48982340097427,-0.0300095742568374,4.38371324539185,-0.0011748927354347,-0.0609473139047623,-0.0543181579560041,-0.0535413343459368,-0.0536095034331083,-0.0334886033087969,-0.0558079332113266,2.3774825334549,0.181090079247952,-0.0424048751592636,6.23334431648254,6.69951891899109,0.224
"Data_SDY420_CyTOF-1","Data/SDY420/ResultFiles/CyTOF_result/11-0491-1_cells_found.573697.fcs","cluster25","CCR7-|CD127-|CD14-|CD19-|CD20-|CD24-|CD25-|CD27-|CD28-|CD3-|CD33-|CD4-|HLADR-|IGD-|TCRGD-","11-0491-1_cells_found.573697.fcs",396820,26,0.138590663671494,-0.0600803792476654,-0.0448841340839863,-0.012511545792222,-0.0494006015360355,-0.0274166986346245,-0.0397069118916988,-0.0107988975942135,0.282466858625412,-0.00393778085708618,-0.042335283011198,-0.0178274139761925,0.00895999744534492,0.351133793592453,-0.0129115032032132,-0.0603217333555222,-0.0231101009994745,-0.0437366478145123,-0.0758780464529991,-0.0167025849223137,-0.0541192181408405,-0.0270644351840019,0.0365618616342545,-0.05133455991745,4.35713481903076,4.88118171691895,0.111
"Data_SDY420_CyTOF-1","Data/SDY420/ResultFiles/CyTOF_result/11-0059_cells_found.573523.fcs","cluster26","CD127+|CD14-|CD16-|CD161-|CD20-|CD28+|CD3+|CD33-|CD4+|CD56-|CD8-|CD85J-|CD94-|HLADR-|IGD-|TCRGD-","11-0059_cells_found.573523.fcs",605316,39,-0.015688406303525,-0.023910766467452,3.2859206199646,0.46006515622139,-0.0345113128423691,-0.0277562513947487,-0.0362336374819279,3.78175020217896,0.73777711391449,3.48887348175049,-0.00951848272234201,-0.0517184920608997,2.14971208572388,1.29237627983093,0.117509700357914,2.15192055702209,0.415248960256577,2.48045039176941,0.212330237030983,-0.0474813580513,-0.0593117363750935,-0.0479173921048641,0.13810159265995,0.161488935351372,6.14158773422241,6.62047719955444,0.121
"Data_SDY420_CyTOF-1","Data/SDY420/ResultFiles/CyTOF_result/11-0445_cells_found.573686.fcs","cluster26","CD127+|CD14-|CD16-|CD161-|CD20-|CD28+|CD3+|CD33-|CD4+|CD56-|CD8-|CD85J-|CD94-|HLADR-|IGD-|TCRGD-","11-0445_cells_found.573686.fcs",498047,44,-0.0335678420960903,-0.00906914006918669,3.54036784172058,0.587339222431183,-0.0487207546830177,-0.0465808548033237,-0.0401446595788002,4.56574106216431,1.82848453521729,4.25216245651245,0.0459587462246418,-0.024448337033391,3.38089275360107,3.41481018066406,-0.016560010612011,1.68241083621979,0.453570663928986,2.31084799766541,0.166606560349464,-0.0539320558309555,-0.0513036139309406,-0.0456956923007965,0.0618662163615227,0.515845715999603,6.28189897537231,6.77448320388794,0.087
"Data_SDY420_CyTOF-1","Data/SDY420/ResultFiles/CyTOF_result/11-0462_cells_found.573690.fcs","cluster26","CD127+|CD14-|CD16-|CD161-|CD20-|CD28+|CD3+|CD33-|CD4+|CD56-|CD8-|CD85J-|CD94-|HLADR-|IGD-|TCRGD-","11-0462_cells_found.573690.fcs",605177,41,-0.037369929254055,-0.0166237019002438,3.36882185935974,0.35861536860466,-0.0271164830774069,-0.039530087262392,-0.0364994928240776,4.1235499382019,1.0999641418457,3.71434903144836,-0.0193801242858171,-0.0411721803247929,2.47089314460754,1.66361689567566,-0.0223908443003893,2.16275954246521,0.309913337230682,2.19528102874756,0.126273095607758,-0.0548856109380722,-0.066104494035244,-0.0313501060009003,-0.0263550747185946,0.191265627741814,6.28394651412964,6.79653072357178,0.127
"Data_SDY420_CyTOF-1","Data/SDY420/ResultFiles/CyTOF_result/11-0491-1_cells_found.573697.fcs","cluster26","CD127+|CD14-|CD16-|CD161-|CD20-|CD28+|CD3+|CD33-|CD4+|CD56-|CD8-|CD85J-|CD94-|HLADR-|IGD-|TCRGD-","11-0491-1_cells_found.573697.fcs",733871,40.5,-0.00877401325851679,-0.0260922852903605,3.22115612030029,0.402295887470245,-0.0275051621720195,0.237231895327568,-0.0526384599506855,2.6512405872345,1.88021403551102,3.60102331638336,0.239957436919212,0.0331229129806161,3.20355117321014,1.46492594480515,0.000601065927185118,1.294906437397,0.10116016943357,1.58925044536591,-0.0232114493846893,-0.0831279046833515,-0.0202079089358449,-0.0552918296307325,-0.0223594424314797,-0.0521296933293343,5.11198568344116,5.66094493865967,0.014
"Data_SDY420_CyTOF-1","Data/SDY420/ResultFiles/CyTOF_result/11-0059_cells_found.573523.fcs","cluster27","CCR7+|CD14-|CD16-|CD161-|CD20-|CD27+|CD3+|CD33-|CD4+|CD56-|CD8-|CD85J-|CD94-|HLADR-|IGD-|TCRGD-","11-0059_cells_found.573523.fcs",553232,39,-0.0258735362440348,-0.0178859494626522,3.12363505363464,0.398632764816284,-0.0330852456390858,-0.0463291257619858,-0.0275290571153164,3.84108471870422,1.04351329803467,3.81588196754456,-0.0150502622127533,-0.0526665486395359,2.66784930229187,1.45007693767548,0.113521389663219,1.45047497749329,0.239858791232109,2.02934741973877,0.102600254118443,-0.0513914115726948,-0.0608470924198627,-0.0557013787329197,0.0461378619074821,0.072722002863884,6.23091888427734,6.6911244392395,0.125
"Data_SDY420_CyTOF-1","Data/SDY420/ResultFiles/CyTOF_result/11-0445_cells_found.573686.fcs","cluster27","CCR7+|CD14-|CD16-|CD161-|CD20-|CD27+|CD3+|CD33-|CD4+|CD56-|CD8-|CD85J-|CD94-|HLADR-|IGD-|TCRGD-","11-0445_cells_found.573686.fcs",555003,39,-0.0329785868525505,-0.0136234983801842,3.54982089996338,0.513305902481079,-0.0409458763897419,-0.0450603850185871,-0.0264053232967854,4.59195327758789,1.71751511096954,4.29633474349976,0.0459587462246418,-0.0476242639124393,3.47809886932373,4.24017667770386,-0.0111534912139177,1.01105427742004,0.327093303203583,1.81747949123383,0.127484083175659,-0.0569557435810566,-0.05329604819417,-0.0441746897995472,-0.00710728252306581,0.438761681318283,6.34007692337036,6.82735967636108,0.161
"Data_SDY420_CyTOF-1","Data/SDY420/ResultFiles/CyTOF_result/11-0462_cells_found.573690.fcs","cluster27","CCR7+|CD14-|CD16-|CD161-|CD20-|CD27+|CD3+|CD33-|CD4+|CD56-|CD8-|CD85J-|CD94-|HLADR-|IGD-|TCRGD-","11-0462_cells_found.573690.fcs",614955,41.5,-0.0353300292044878,-0.0302209965884686,3.28908944129944,0.335173934698105,-0.0276431096717715,-0.0385883711278439,-0.0424771830439568,4.18113470077515,1.52462893724442,3.82834613323212,-0.00464234827086329,-0.0389541126787663,2.69524729251862,2.41146087646484,-0.0147011582739651,1.49653548002243,0.256398394703865,1.92892581224442,0.131231732666492,-0.0481149144470692,-0.0606468673795462,-0.0340322721749544,-0.0239644572138786,0.161341287195683,6.2808563709259,6.76747107505798,0.146
"Data_SDY420_CyTOF-1","Data/SDY420/ResultFiles/CyTOF_result/11-0491-1_cells_found.573697.fcs","cluster27","CCR7+|CD14-|CD16-|CD161-|CD20-|CD27+|CD3+|CD33-|CD4+|CD56-|CD8-|CD85J-|CD94-|HLADR-|IGD-|TCRGD-","11-0491-1_cells_found.573697.fcs",495923,36,0.0824053809046745,-0.034084040671587,2.75643086433411,0.24355511367321,-0.0268839467316866,0.0878350585699081,-0.0526936613023281,2.67279648780823,2.20235800743103,3.70641946792603,0.0839642211794853,-0.0193940345197916,3.10025453567505,2.12060570716858,0.141697913408279,0.241495206952095,0.171846121549606,0.521239459514618,-0.0389578230679035,-0.0446295663714409,-0.0523215532302856,-0.0634478181600571,0.00178534421138465,-0.0358588807284832,5.17845726013184,5.67409181594849,0.129
"Data_SDY420_CyTOF-1","Data/SDY420/ResultFiles/CyTOF_result/11-0059_cells_found.573523.fcs","cluster28","CD14-|CD16-|CD161-|CD19-|CD20-|CD24-|CD25-|CD27-|CD28-|CD33-|CD38-|CD45RA-|CD56-|CD8-|CD85J-|CD94-|HLADR-|IGD-|TCRGD-","11-0059_cells_found.573523.fcs",542542,16,-0.015054670162499,-0.0500486791133881,0.0143208364024758,-0.00817679893225431,-0.0594310723245144,-0.032786637544632,-0.0353067256510258,0.127687379717827,0.112534329295158,0.00998041126877069,-0.0458868034183979,-0.0586160123348236,-0.0396492481231689,0.8038489818573,-0.0342111773788929,-0.049189880490303,-0.0465741641819477,-0.0100793242454529,-0.0600013807415962,-0.0584609694778919,-0.053029365837574,-0.055368036031723,-0.028733478859067,-0.0395568832755089,3.38222575187683,3.96783018112183,0.073
"Data_SDY420_CyTOF-1","Data/SDY420/ResultFiles/CyTOF_result/11-0445_cells_found.573686.fcs","cluster28","CD14-|CD16-|CD161-|CD19-|CD20-|CD24-|CD25-|CD27-|CD28-|CD33-|CD38-|CD45RA-|CD56-|CD8-|CD85J-|CD94-|HLADR-|IGD-|TCRGD-","11-0445_cells_found.573686.fcs",613045,16,-0.0208187904208899,-0.0427154712378979,-0.0361042097210884,-0.0661632195115089,-0.0466177724301815,-0.0527956150472164,-0.0554952509701252,-0.0125334430485964,0.102944821119308,-0.0503355376422405,-0.0435744933784008,-0.0340522266924381,-0.0484107434749603,0.309187650680542,-0.0636618956923485,-0.0432194955646992,-0.0339827872812748,-0.0391017012298107,-0.053618136793375,-0.0613606795668602,-0.067181296646595,-0.0501998402178288,-0.0166380982846022,-0.0631574615836143,3.39199471473694,4.0046968460083,0.059
"Data_SDY420_CyTOF-1","Data/SDY420/ResultFiles/CyTOF_result/11-0462_cells_found.573690.fcs","cluster28","CD14-|CD16-|CD161-|CD19-|CD20-|CD24-|CD25-|CD27-|CD28-|CD33-|CD38-|CD45RA-|CD56-|CD8-|CD85J-|CD94-|HLADR-|IGD-|TCRGD-","11-0462_cells_found.573690.fcs",655045.5,19.5,-0.0433026272803545,-0.0550863146781921,-0.0341237932443619,-0.0571758877485991,-0.0516682863235474,-0.0204614344984293,-0.0621285755187273,-0.0160439317114651,0.161910854279995,-0.0361415315419436,-0.0609320662915707,-0.0563118327409029,-0.0470747426152229,0.48240227997303,-0.056333027780056,-0.0643530339002609,-0.0543181579560041,-0.0519809573888779,-0.0497426353394985,-0.0580750517547131,-0.0716048441827297,-0.0463204849511385,-0.0190283013507724,-0.0566164180636406,3.52192831039429,3.96891415119171,0.086
"Data_SDY420_CyTOF-1","Data/SDY420/ResultFiles/CyTOF_result/11-0491-1_cells_found.573697.fcs","cluster28","CD14-|CD16-|CD161-|CD19-|CD20-|CD24-|CD25-|CD27-|CD28-|CD33-|CD38-|CD45RA-|CD56-|CD8-|CD85J-|CD94-|HLADR-|IGD-|TCRGD-","11-0491-1_cells_found.573697.fcs",542925,15,0.284039348363876,-0.0651452094316483,-0.0271048564463854,-0.0227615814656019,-0.0527348034083843,-0.0437332950532436,-0.0535948723554611,-0.001059390604496,0.0441871657967567,0.0813827067613602,-0.049066636711359,-0.0475243218243122,0.0947169661521912,-0.0132688144221902,-0.0397973954677582,-0.0465874709188938,-0.0363917909562588,-0.0385362729430199,-0.0615934357047081,-0.0491671301424503,-0.0647978857159615,-0.0569566823542118,-0.0231940615922213,-0.05133455991745,3.20098161697388,3.66815638542175,0.081
"Data_SDY420_CyTOF-1","Data/SDY420/ResultFiles/CyTOF_result/11-0059_cells_found.573523.fcs","cluster29","CCR7-|CD127-|CD19-|CD20-|CD24-|CD27-|CD28-|CD3-|CD4-|CD8-|IGD-|TCRGD-","11-0059_cells_found.573523.fcs",602112,36,-0.0117487804964185,-0.0538241378962994,-0.00309847993776202,0.165399193763733,-0.0581786371767521,0.228873252868652,0.283558309078217,0.146428123116493,2.61342096328735,0.213615760207176,-0.00372725492343307,-0.00896014552563429,-0.0267045721411705,2.35088586807251,0.169576376676559,-0.0467812083661556,0.161801427602768,0.0681887865066528,-0.0480967015028,-0.0241615753620863,-0.0523403473198414,0.127927929162979,0.740089535713196,-0.00713434210047126,6.29007625579834,6.7652006149292,0.217
"Data_SDY420_CyTOF-1","Data/SDY420/ResultFiles/CyTOF_result/11-0445_cells_found.573686.fcs","cluster29","CCR7-|CD127-|CD19-|CD20-|CD24-|CD27-|CD28-|CD3-|CD4-|CD8-|IGD-|TCRGD-","11-0445_cells_found.573686.fcs",538527,38,0.0273160543292761,-0.0539706759154797,-0.0251402109861374,-0.0170855727046728,-0.057702299207449,0.649982511997223,1.09719181060791,0.135303378105164,3.17906856536865,0.187824159860611,-0.00286729447543621,0.457178384065628,-0.0350266210734844,3.64951181411743,-0.0163972489535809,-0.0497287847101688,0.241677686572075,-0.0206270087510347,-0.0469304025173187,-0.0173825528472662,-0.0576517917215824,1.31708681583405,0.88926774263382,0.0503451190888882,6.55471420288086,7.02561902999878,0.273
"Data_SDY420_CyTOF-1","Data/SDY420/ResultFiles/CyTOF_result/11-0462_cells_found.573690.fcs","cluster29","CCR7-|CD127-|CD19-|CD20-|CD24-|CD27-|CD28-|CD3-|CD4-|CD8-|IGD-|TCRGD-","11-0462_cells_found.573690.fcs",653659,40,-0.00267737940885127,-0.0560158789157867,-0.0059072389267385,-0.036258190870285,-0.0533200949430466,0.848148822784424,0.15142597258091,0.0135528035461903,2.36217904090881,0.107158340513706,0.271081745624542,0.134334251284599,-0.0260033570230007,2.69875550270081,-0.0123950969427824,-0.0539841018617153,-0.00161078642122447,-0.0309301018714905,-0.0508843809366226,-0.041329238563776,-0.0519097484648228,0.678314447402954,1.11966252326965,0.0240061730146408,6.61349773406982,7.03961133956909,0.385
"Data_SDY420_CyTOF-1","Data/SDY420/ResultFiles/CyTOF_result/11-0491-1_cells_found.573697.fcs","cluster29","CCR7-|CD127-|CD19-|CD20-|CD24-|CD27-|CD28-|CD3-|CD4-|CD8-|IGD-|TCRGD-","11-0491-1_cells_found.573697.fcs",570523,30,0.167117580771446,-0.0617170669138432,-0.0220481306314468,-0.0248142927885056,-0.0421660207211971,0.0746710076928139,-0.0340486280620098,-0.0141852274537086,1.42368042469025,0.183415189385414,-0.0265492349863052,-0.0182037204504013,0.124087654054165,0.292764604091644,-0.00804950203746557,-0.0448984540998936,0.196057319641113,-0.0256846025586128,-0.0632078424096107,-0.016719302162528,-0.0592324994504452,-0.0295193716883659,0.307216972112656,-0.041814386844635,4.75773763656616,5.338463306427,0.145
"Data_SDY420_CyTOF-1","Data/SDY420/ResultFiles/CyTOF_result/11-0059_cells_found.573523.fcs","cluster30","CD127-|CD161-|CD19-|CD20-|CD27-|CD3-|CD33+|CD38+|CD56-|CD8-|CD85J+|CD94-|IGD-|TCRGD-","11-0059_cells_found.573523.fcs",547977.5,40,0.0775991827249527,-0.0433617644011974,0.916019290685654,0.130956940352917,-0.0515127666294575,3.05275750160217,0.155666716396809,0.242662459611893,3.23578286170959,0.362771436572075,2.06832671165466,-0.0408256780356169,0.108014404773712,1.89065271615982,0.127893142402172,-0.024698224849999,4.32492780685425,1.03311985731125,0.16278100758791,-0.0464936979115009,-0.0364488307386637,-0.0151053695008159,3.47782468795776,0.51411560177803,6.7530083656311,7.13817977905273,0.124
"Data_SDY420_CyTOF-1","Data/SDY420/ResultFiles/CyTOF_result/11-0445_cells_found.573686.fcs","cluster30","CD127-|CD161-|CD19-|CD20-|CD27-|CD3-|CD33+|CD38+|CD56-|CD8-|CD85J+|CD94-|IGD-|TCRGD-","11-0445_cells_found.573686.fcs",488900.5,42,0.0264937458559871,-0.0446726530790329,1.21547758579254,0.00966963823884726,-0.0441692229360342,3.28705704212189,0.358234167098999,0.275710061192513,3.72721743583679,0.362159356474876,2.94659960269928,-0.0171717330813408,0.20053967833519,2.00727558135986,-0.0239696092903614,-0.0358208753168583,4.54786229133606,1.10610717535019,0.110142432153225,-0.0428326409310102,-0.044867429882288,0.24530740827322,4.82152676582336,0.947929233312607,6.91265726089478,7.26753759384155,0.202
"Data_SDY420_CyTOF-1","Data/SDY420/ResultFiles/CyTOF_result/11-0462_cells_found.573690.fcs","cluster30","CD127-|CD161-|CD19-|CD20-|CD27-|CD3-|CD33+|CD38+|CD56-|CD8-|CD85J+|CD94-|IGD-|TCRGD-","11-0462_cells_found.573690.fcs",572357.5,49.5,0.157979667186737,-0.0557382442057133,1.31447547674179,-0.0250466354191303,-0.0453856531530619,3.54029524326324,0.375098094344139,0.349232360720634,3.59446620941162,0.516725480556488,2.73492729663849,0.0224034674465656,0.110794819891453,2.52629792690277,0.0188424385851249,-0.0546055268496275,2.70999205112457,0.464646369218826,-0.0286144893616438,-0.0247131455689669,-0.0766441151499748,0.42681697010994,3.59079015254974,0.462904065847397,7.02316999435425,7.28898239135742,0.022
"Data_SDY420_CyTOF-1","Data/SDY420/ResultFiles/CyTOF_result/11-0491-1_cells_found.573697.fcs","cluster30","CD127-|CD161-|CD19-|CD20-|CD27-|CD3-|CD33+|CD38+|CD56-|CD8-|CD85J+|CD94-|IGD-|TCRGD-","11-0491-1_cells_found.573697.fcs",375705,34,0.432269364595413,-0.0600272826850414,0.646296143531799,0.00345977814868093,-0.0364299304783344,3.38474678993225,0.243800282478333,0.42621523141861,3.44093489646912,0.360398888587952,3.09434223175049,0.0369708389043808,0.936402559280396,0.243640750646591,0.180773794651031,-0.00128804019186646,4.59492969512939,1.34120500087738,0.0546778179705143,-0.0343816541135311,-0.0360920876264572,-0.00973240751773119,3.43697786331177,0.454896152019501,5.32724571228027,5.93451976776123,0.107
"Data_SDY420_CyTOF-1","Data/SDY420/ResultFiles/CyTOF_result/11-0059_cells_found.573523.fcs","cluster31","CD14-|CD16-|CD161-|CD19-|CD20-|CD24-|CD25-|CD33-|CD38-|CD45RA-|CD56-|CD85J-|CD94-|HLADR-|IGD-|TCRGD-","11-0059_cells_found.573523.fcs",614104.5,34,-0.0187211753800511,-0.0459800846874714,1.61605751514435,0.348077654838562,-0.0531416554003954,-0.0373521596193314,-0.039914483204484,2.9469245672226,0.391440659761429,2.37655699253082,-0.0358293186873198,-0.0528063662350178,0.941048830747604,1.17364156246185,0.00330013598431833,0.834576219320297,0.168963946402073,1.35962730646133,-0.0299554187804461,-0.0518765114247799,-0.0619183108210564,-0.0483154263347387,0.0420774854719639,-0.0294054411351681,6.02122020721436,6.52104425430298,0.204
"Data_SDY420_CyTOF-1","Data/SDY420/ResultFiles/CyTOF_result/11-0445_cells_found.573686.fcs","cluster31","CD14-|CD16-|CD161-|CD19-|CD20-|CD24-|CD25-|CD33-|CD38-|CD45RA-|CD56-|CD85J-|CD94-|HLADR-|IGD-|TCRGD-","11-0445_cells_found.573686.fcs",602385,20,-0.0208187904208899,-0.0434661172330379,0.0668110698461533,-0.0356820300221443,-0.0392837449908257,-0.0464599430561066,-0.0462690070271492,0.546605110168457,0.177227094769478,-0.02207694016397,-0.0412114039063454,-0.0413418263196945,-0.0139625184237957,0.52445387840271,-0.0576853901147842,-0.0231174379587173,-0.00488064717501402,-0.0238670203834772,-0.0446871854364872,-0.0568596161901951,-0.0657212883234024,-0.0501998402178288,-0.0156637690961361,-0.0516986511647701,4.55221271514893,5.34598779678345,0.085
"Data_SDY420_CyTOF-1","Data/SDY420/ResultFiles/CyTOF_result/11-0462_cells_found.573690.fcs","cluster31","CD14-|CD16-|CD161-|CD19-|CD20-|CD24-|CD25-|CD33-|CD38-|CD45RA-|CD56-|CD85J-|CD94-|HLADR-|IGD-|TCRGD-","11-0462_cells_found.573690.fcs",649268,31,-0.0396547000855207,-0.0430575124919415,0.797408163547516,-0.0268144458532333,-0.0432646442204714,-0.0324676372110844,-0.0502445828169584,1.50033473968506,0.364852890372276,0.4322529733181,-0.0469906162470579,-0.0525082536041737,0.228314630687237,1.01642107963562,-0.0487641505897045,-0.005624176497804,-0.0251084184274077,0.25003719329834,-0.0431205779314041,-0.0591542460024357,-0.0627823807299137,-0.0460718739777803,-0.0197039023041725,-0.0427844189107418,5.77692747116089,6.19821119308472,0.158
"Data_SDY420_CyTOF-1","Data/SDY420/ResultFiles/CyTOF_result/11-0491-1_cells_found.573697.fcs","cluster31","CD14-|CD16-|CD161-|CD19-|CD20-|CD24-|CD25-|CD33-|CD38-|CD45RA-|CD56-|CD85J-|CD94-|HLADR-|IGD-|TCRGD-","11-0491-1_cells_found.573697.fcs",533591,30,0.174097955226898,-0.0565238557755947,1.57580637931824,-0.00255093490704894,-0.0504999794065952,-0.0195208191871643,-0.051352683454752,1.41420757770538,0.645659625530243,2.3717086315155,-0.0338475480675697,-0.0405579395592213,2.02153205871582,0.539411664009094,-0.00928583089262247,-0.0214013438671827,-0.0265322383493185,0.0405765064060688,-0.0501169264316559,-0.0491551496088505,-0.0558763965964317,-0.0604754239320755,-0.0180210899561644,-0.0497207157313824,4.81249761581421,5.34771966934204,0.195
"Data_SDY420_CyTOF-1","Data/SDY420/ResultFiles/CyTOF_result/11-0059_cells_found.573523.fcs","cluster32","CCR7+|CD14-|CD161-|CD19-|CD20-|CD24-|CD25-|CD33-|CD56-|CD8-|CD85J-|CD94-|HLADR-|TCRGD-","11-0059_cells_found.573523.fcs",568226,40,-0.0106195621192455,-0.0365273915231228,2.96914005279541,0.375098079442978,-0.0445000194013119,-0.0396840535104275,-0.0222815964370966,3.67171049118042,0.963263928890228,3.57809972763062,-0.0313094444572926,-0.0517184920608997,2.49362945556641,1.65824997425079,0.122020050883293,1.26474189758301,0.248789086937904,1.81597721576691,0.0120053747668862,-0.0578991025686264,-0.0662408620119095,-0.0506503283977509,-0.005489198025316,-0.0264242142438889,6.22013711929321,6.69977140426636,0.099
"Data_SDY420_CyTOF-1","Data/SDY420/ResultFiles/CyTOF_result/11-0445_cells_found.573686.fcs","cluster32","CCR7+|CD14-|CD161-|CD19-|CD20-|CD24-|CD25-|CD33-|CD56-|CD8-|CD85J-|CD94-|HLADR-|TCRGD-","11-0445_cells_found.573686.fcs",609966,38,-0.0205903798341751,-0.0123504148796201,3.33620858192444,0.455790579319,-0.0328394174575806,-0.0430926606059074,-0.0263526681810617,4.51339530944824,1.71751511096954,4.21050500869751,0.0266275759786367,-0.0567744821310043,3.46085238456726,4.54363584518433,0.00372904678806663,0.779860019683838,0.217490077018738,1.71679973602295,-0.00649773608893156,-0.0568596161901951,-0.0523310452699661,-0.0398920737206936,-0.0115207768976688,0.146076425909996,6.34007692337036,6.82694816589355,0.087
"Data_SDY420_CyTOF-1","Data/SDY420/ResultFiles/CyTOF_result/11-0462_cells_found.573690.fcs","cluster32","CCR7+|CD14-|CD161-|CD19-|CD20-|CD24-|CD25-|CD33-|CD56-|CD8-|CD85J-|CD94-|HLADR-|TCRGD-","11-0462_cells_found.573690.fcs",607020.5,41,-0.0377352517098188,-0.0239840904250741,3.11087918281555,0.295534163713455,-0.0216572005301714,-0.0388663075864315,-0.0354112982749939,4.10832977294922,1.48179650306702,3.58261477947235,0.00188033547601663,-0.049073988571763,2.65578162670135,2.42637062072754,-0.0139923263341188,1.35725378990173,0.239682279527187,1.69942384958267,-0.0146166421473026,-0.046828044578433,-0.0578640345484018,-0.0340322721749544,-0.0273151714354753,-0.0096958321519196,6.2808563709259,6.74113774299622,0.098
"Data_SDY420_CyTOF-1","Data/SDY420/ResultFiles/CyTOF_result/11-0491-1_cells_found.573697.fcs","cluster32","CCR7+|CD14-|CD161-|CD19-|CD20-|CD24-|CD25-|CD33-|CD56-|CD8-|CD85J-|CD94-|HLADR-|TCRGD-","11-0491-1_cells_found.573697.fcs",533591,35,0.0970125272870064,-0.0392093695700169,2.50013661384583,0.127006322145462,-0.0372530817985535,-0.00838976260274649,-0.052632711827755,2.26994037628174,1.9050145149231,3.49204325675964,0.0289509762078524,-0.0377404391765594,3.00443625450134,1.66313588619232,0.141697913408279,0.17196598649025,0.0508954413235188,0.430969089269638,-0.0439103282988071,-0.0473019108176231,-0.052320696413517,-0.0604672841727734,-0.0035723343025893,-0.0391378700733185,5.05163288116455,5.57404899597168,0.193
"Data_SDY420_CyTOF-1","Data/SDY420/ResultFiles/CyTOF_result/11-0059_cells_found.573523.fcs","cluster33","CD3+|CD4-|CD8+|CCR7+","11-0059_cells_found.573523.fcs",651664,41,0.0106185395270586,-0.0463844854384661,-0.0409739594906569,3.90002369880676,-0.00869460194371641,-0.0312752528116107,-0.0164368450641632,3.47011613845825,0.928643673658371,3.97939872741699,-0.0129766755271703,-0.0569870248436928,2.84662902355194,4.50891089439392,0.184563226997852,1.21992009878159,0.444037646055222,1.24898660182953,-0.0147631117142737,-0.0483954232186079,-0.0640292465686798,-0.0514600519090891,0.222419247031212,-0.00740099628455937,6.39911079406738,6.8245210647583,0.052
"Data_SDY420_CyTOF-1","Data/SDY420/ResultFiles/CyTOF_result/11-0445_cells_found.573686.fcs","cluster33","CD3+|CD4-|CD8+|CCR7+","11-0445_cells_found.573686.fcs",428487,43,0.323937654495239,0.15495753288269,0.168898239731789,4.82190227508545,0.0736353769898415,0.251705467700958,0.0561982393264771,4.33964681625366,1.11391115188599,0.496443212032318,-0.0906246230006218,1.00888323783875,1.70385217666626,4.92591381072998,0.160729616880417,-0.052322693169117,0.315826445817947,-0.0111560449004173,-0.0262111742049456,-0.0430578477680683,-0.0443791076540947,2.25359845161438,0.532965004444122,-0.0224694889038801,6.49433135986328,6.95492219924927,0.015
"Data_SDY420_CyTOF-1","Data/SDY420/ResultFiles/CyTOF_result/11-0462_cells_found.573690.fcs","cluster33","CD3+|CD4-|CD8+|CCR7+","11-0462_cells_found.573690.fcs",589364.5,38,-0.0161732737906277,-0.0538036711513996,-0.000555404461920261,4.21371293067932,-0.0368552692234516,-0.0725459381937981,0.0461362488567829,3.22101593017578,0.34637151658535,3.32008981704712,-0.045302314683795,-0.0176387189712841,2.32661688327789,4.72836947441101,0.210187740623951,0.950095981359482,0.0144757684320211,0.833594083786011,0.222449772059917,-0.0614999122917652,-0.0630542393773794,-0.0254442309960723,0.316351301968098,-0.01070196100045,6.11840152740479,6.62158679962158,0.01
"Data_SDY420_CyTOF-1","Data/SDY420/ResultFiles/CyTOF_result/11-0491-1_cells_found.573697.fcs","cluster33","CD3+|CD4-|CD8+|CCR7+","11-0491-1_cells_found.573697.fcs",302738.5,34.5,-0.0138211916200817,-0.0119765135459602,0.0819552429020405,4.26084494590759,0.0571056008338928,0.724879533052444,0.133070833981037,2.55481803417206,1.12985390424728,1.84142184257507,0.0539627680554986,0.88957342505455,2.16344857215881,3.3842054605484,0.197392456233501,0.126428376417607,0.338161170482635,0.0832019411027431,-0.030842512845993,0.252307908609509,-0.0510069634765387,-0.023159964941442,0.222733564674854,-0.0475822351872921,5.24131870269775,5.74948048591614,0.032
